variant	trial	suite	id	mode	sample	heap_bytes	create_ns	hot_ns	create_cpu_ns	hot_cpu_ns
after	1	loops	while-indexed-256-300	untraced	1	16384	349419	43963530	347289	43881239
after	1	loops	for-list-256-300	untraced	1	16384	350589	72891815	350879	72756147
after	1	loops	fold-256-300	untraced	1	16384	348300	82936438	345729	82755156
after	1	loops	fold-256-300	untraced	2	16384	579490	105548812	577088	105287751
after	1	loops	for-list-256-300	untraced	2	16384	353080	74561331	350949	74379155
after	1	loops	while-indexed-256-300	untraced	2	16384	343879	46767806	344379	46634189
after	1	loops	while-indexed-256-300	untraced	3	16384	351329	43506331	350919	43405969
after	1	loops	for-list-256-300	untraced	3	16384	338919	75113811	339149	74961922
after	1	loops	fold-256-300	untraced	3	16384	339740	76706868	340089	76570955
after	1	loops	fold-256-300	untraced	4	16384	347679	75881580	348029	75742517
after	1	loops	for-list-256-300	untraced	4	16384	344660	75245920	343019	75102093
after	1	loops	while-indexed-256-300	untraced	4	16384	535899	44434209	532518	44354646
after	1	loops	while-indexed-256-300	untraced	5	16384	357329	44798789	354419	44712593
after	1	loops	for-list-256-300	untraced	5	16384	558289	91310785	558908	91084464
after	1	loops	fold-256-300	untraced	5	16384	346019	75150510	346329	75037857
after	1	loops	fold-256-300	untraced	6	16384	349930	75669499	348479	75538600
after	1	loops	for-list-256-300	untraced	6	16384	349460	72676614	349799	72558117
after	1	loops	while-indexed-256-300	untraced	6	16384	369959	42698792	370228	42633318
after	1	loops	while-indexed-256-300	untraced	7	16384	348619	42763352	348789	42682539
after	1	loops	for-list-256-300	untraced	7	16384	341980	72953683	340809	72814897
after	1	loops	fold-256-300	untraced	7	16384	347000	75775459	347259	75648025
after	1	objects	map-not-null-1024-100-fresh	untraced	1	262144	1557368	255370643	1553625	254866676
after	1	objects	map-not-null-1024-100-reuse-list	untraced	1	262144	1559217	264489009	1554006	264012866
after	1	objects	map-not-null-1024-100-reuse-objects	untraced	1	262144	2318566	336465905	2316433	335740968
after	1	objects	map-not-null-1024-100-reuse-objects	untraced	2	262144	2295977	275178901	2291433	274687061
after	1	objects	map-not-null-1024-100-reuse-list	untraced	2	262144	1550327	266312896	1547175	265808544
after	1	objects	map-not-null-1024-100-fresh	untraced	2	262144	1548038	257648919	1544615	257170633
after	1	objects	map-not-null-1024-100-fresh	untraced	3	262144	1894157	272498976	1890564	271918682
after	1	objects	map-not-null-1024-100-reuse-list	untraced	3	262144	1550357	289593659	1548285	289000966
after	1	objects	map-not-null-1024-100-reuse-objects	untraced	3	262144	2334257	276449279	2330993	275950606
after	1	objects	map-not-null-1024-100-reuse-objects	untraced	4	262144	2272016	308476759	2268543	307826844
after	1	objects	map-not-null-1024-100-reuse-list	untraced	4	262144	1566997	264254389	1564906	263756582
after	1	objects	map-not-null-1024-100-fresh	untraced	4	262144	1535758	253179276	1533795	252736610
after	1	objects	map-not-null-1024-100-fresh	untraced	5	262144	1547307	253692636	1545096	253271216
after	1	objects	map-not-null-1024-100-reuse-list	untraced	5	262144	1531457	259920736	1528305	259432732
after	1	objects	map-not-null-1024-100-reuse-objects	untraced	5	262144	2297476	273304465	2294003	272828363
after	1	objects	map-not-null-1024-100-reuse-objects	untraced	6	262144	2287767	271197488	2283953	270736180
after	1	objects	map-not-null-1024-100-reuse-list	untraced	6	262144	1554988	269227571	1551915	268698346
after	1	objects	map-not-null-1024-100-fresh	untraced	6	262144	1543477	267818763	1539846	267267100
after	1	objects	map-not-null-1024-100-fresh	untraced	7	262144	1549708	264797557	1546796	264229794
after	1	objects	map-not-null-1024-100-reuse-list	untraced	7	262144	1525538	271922667	1523885	271338776
after	1	objects	map-not-null-1024-100-reuse-objects	untraced	7	262144	2289126	284359207	2285743	283771884
after	2	loops	while-indexed-256-300	untraced	1	16384	336109	42375682	336379	42300110
after	2	loops	for-list-256-300	untraced	1	16384	339810	71812805	339989	71690249
after	2	loops	fold-256-300	untraced	1	16384	341519	75693080	340299	75561804
after	2	loops	fold-256-300	untraced	2	16384	340320	74874470	338999	74741020
after	2	loops	for-list-256-300	untraced	2	16384	340099	71346807	340279	71198099
after	2	loops	while-indexed-256-300	untraced	2	16384	337100	42340952	337299	42270670
after	2	loops	while-indexed-256-300	untraced	3	16384	335970	42401092	336279	42321629
after	2	loops	for-list-256-300	untraced	3	16384	347849	71111487	346019	70981404
after	2	loops	fold-256-300	untraced	3	16384	337820	74468641	338019	74330910
after	2	loops	fold-256-300	untraced	4	16384	337569	74378472	337759	74242122
after	2	loops	for-list-256-300	untraced	4	16384	337219	70803027	337399	70662983
after	2	loops	while-indexed-256-300	untraced	4	16384	342639	41935434	341129	41849923
after	2	loops	while-indexed-256-300	untraced	5	16384	339100	42524912	339319	42447349
after	2	loops	for-list-256-300	untraced	5	16384	343889	70887127	344149	70762422
after	2	loops	fold-256-300	untraced	5	16384	339189	75925209	339489	75777104
after	2	loops	fold-256-300	untraced	6	16384	341009	74175402	341349	74043564
after	2	loops	for-list-256-300	untraced	6	16384	340939	71434306	339579	71304474
after	2	loops	while-indexed-256-300	untraced	6	16384	343469	43608941	341849	43528077
after	2	loops	while-indexed-256-300	untraced	7	16384	346070	43743130	344609	43669106
after	2	loops	for-list-256-300	untraced	7	16384	339849	70891367	340189	70766763
after	2	loops	fold-256-300	untraced	7	16384	337080	74901501	337299	74762301
after	2	objects	map-not-null-1024-100-fresh	untraced	1	262144	1513308	247595114	1511576	247148612
after	2	objects	map-not-null-1024-100-reuse-list	untraced	1	262144	1556027	261289633	1551445	260795924
after	2	objects	map-not-null-1024-100-reuse-objects	untraced	1	262144	2280346	268756131	2276504	268262457
after	2	objects	map-not-null-1024-100-reuse-objects	untraced	2	262144	2293066	271846826	2282743	271354405
after	2	objects	map-not-null-1024-100-reuse-list	untraced	2	262144	1559548	261729092	1558055	261233503
after	2	objects	map-not-null-1024-100-fresh	untraced	2	262144	1532698	247586985	1529284	247145121
after	2	objects	map-not-null-1024-100-fresh	untraced	3	262144	1532498	247260305	1529085	246785018
after	2	objects	map-not-null-1024-100-reuse-list	untraced	3	262144	1575587	261542912	1572796	261056302
after	2	objects	map-not-null-1024-100-reuse-objects	untraced	3	262144	2290206	268533031	2286213	268025291
after	2	objects	map-not-null-1024-100-reuse-objects	untraced	4	262144	2285706	270031759	2282603	269519165
after	2	objects	map-not-null-1024-100-reuse-list	untraced	4	262144	1555697	264561838	1552606	264060484
after	2	objects	map-not-null-1024-100-fresh	untraced	4	262144	1535298	247608184	1531226	247153701
after	2	objects	map-not-null-1024-100-fresh	untraced	5	262144	1538197	251511168	1536595	250893483
after	2	objects	map-not-null-1024-100-reuse-list	untraced	5	262144	1573988	264805427	1570685	263966999
after	2	objects	map-not-null-1024-100-reuse-objects	untraced	5	262144	2294957	269184680	2285053	268304277
after	2	objects	map-not-null-1024-100-reuse-objects	untraced	6	262144	2315307	293503220	2306383	292499924
after	2	objects	map-not-null-1024-100-reuse-list	untraced	6	262144	1575838	263892578	1566075	263037316
after	2	objects	map-not-null-1024-100-fresh	untraced	6	262144	1525297	247356855	1520395	246796240
after	2	objects	map-not-null-1024-100-fresh	untraced	7	262144	1527407	248526973	1526085	248065157
after	2	objects	map-not-null-1024-100-reuse-list	untraced	7	262144	1556568	262151431	1552806	261657519
after	2	objects	map-not-null-1024-100-reuse-objects	untraced	7	262144	2261056	270377798	2257573	269825133
after	3	loops	while-indexed-256-300	untraced	1	16384	332539	41347024	332849	41261955
after	3	loops	for-list-256-300	untraced	1	16384	338959	69528048	336889	69388947
after	3	loops	fold-256-300	untraced	1	16384	337590	72955772	336089	72803499
after	3	loops	fold-256-300	untraced	2	16384	335720	72991522	335929	72817186
after	3	loops	for-list-256-300	untraced	2	16384	336349	69717908	334479	69582500
after	3	loops	while-indexed-256-300	untraced	2	16384	333289	41227464	333489	41146415
after	3	loops	while-indexed-256-300	untraced	3	16384	335099	41277564	333189	41193475
after	3	loops	for-list-256-300	untraced	3	16384	333189	69844188	333369	69716789
after	3	loops	fold-256-300	untraced	3	16384	334929	72913503	333189	72775421
after	3	loops	fold-256-300	untraced	4	16384	333209	72921903	333399	72771969
after	3	loops	for-list-256-300	untraced	4	16384	332019	69718118	332169	69589999
after	3	loops	while-indexed-256-300	untraced	4	16384	336849	41296194	335698	41216822
after	3	loops	while-indexed-256-300	untraced	5	16384	334389	41462614	334529	41380863
after	3	loops	for-list-256-300	untraced	5	16384	333620	69904297	333759	69760084
after	3	loops	fold-256-300	untraced	5	16384	340789	73065033	338619	72911457
after	3	loops	fold-256-300	untraced	6	16384	333459	73605532	333679	73454697
after	3	loops	for-list-256-300	untraced	6	16384	334790	69897608	335109	69769878
after	3	loops	while-indexed-256-300	untraced	6	16384	336640	41156944	335189	41076914
after	3	loops	while-indexed-256-300	untraced	7	16384	333200	41422543	333349	41340226
after	3	loops	for-list-256-300	untraced	7	16384	335369	70226218	335529	70080411
after	3	loops	fold-256-300	untraced	7	16384	334880	72943543	335049	72807535
after	3	objects	map-not-null-1024-100-fresh	untraced	1	262144	1512037	247429202	1503696	246815541
after	3	objects	map-not-null-1024-100-reuse-list	untraced	1	262144	1507017	257588885	1503235	257101799
after	3	objects	map-not-null-1024-100-reuse-objects	untraced	1	262144	2274666	270433795	2271503	269910822
after	3	objects	map-not-null-1024-100-reuse-objects	untraced	2	262144	2281576	269256326	2278163	268740854
after	3	objects	map-not-null-1024-100-reuse-list	untraced	2	262144	1512147	256800907	1507495	256327333
after	3	objects	map-not-null-1024-100-fresh	untraced	2	262144	1509937	247330672	1508106	246879479
after	3	objects	map-not-null-1024-100-fresh	untraced	3	262144	1508477	246789393	1506656	246343690
after	3	objects	map-not-null-1024-100-reuse-list	untraced	3	262144	1511488	257730975	1507866	257218762
after	3	objects	map-not-null-1024-100-reuse-objects	untraced	3	262144	2248517	268337987	2245243	267806651
after	3	objects	map-not-null-1024-100-reuse-objects	untraced	4	262144	2251907	269695925	2246914	269185799
after	3	objects	map-not-null-1024-100-reuse-list	untraced	4	262144	1501577	253853611	1497105	253354640
after	3	objects	map-not-null-1024-100-fresh	untraced	4	262144	1520058	244315716	1518916	243856025
after	3	objects	map-not-null-1024-100-fresh	untraced	5	262144	1505497	244860056	1503805	244381365
after	3	objects	map-not-null-1024-100-reuse-list	untraced	5	262144	1507997	255704258	1505726	255234366
after	3	objects	map-not-null-1024-100-reuse-objects	untraced	5	262144	2253236	266744680	2250113	266237956
after	3	objects	map-not-null-1024-100-reuse-objects	untraced	6	262144	2259897	268290427	2255194	267789039
after	3	objects	map-not-null-1024-100-reuse-list	untraced	6	262144	1512257	254055591	1510765	253545124
after	3	objects	map-not-null-1024-100-fresh	untraced	6	262144	1502267	243999857	1498465	243551105
after	3	objects	map-not-null-1024-100-fresh	untraced	7	262144	1521627	244534086	1517705	243968338
after	3	objects	map-not-null-1024-100-reuse-list	untraced	7	262144	1511058	254307850	1506785	253785627
after	3	objects	map-not-null-1024-100-reuse-objects	untraced	7	262144	2270887	266165051	2264753	265655459
before	1	loops	while-indexed-256-300	untraced	1	16384	349769	42606023	347979	42530880
before	1	loops	for-list-256-300	untraced	1	16384	350850	70992447	349059	70868255
before	1	loops	fold-256-300	untraced	1	16384	340219	76371260	340439	76107195
before	1	loops	fold-256-300	untraced	2	16384	345320	76020939	345798	75827749
before	1	loops	for-list-256-300	untraced	2	16384	348409	72178326	346369	71971416
before	1	loops	while-indexed-256-300	untraced	2	16384	347699	43206542	347969	43117169
before	1	loops	while-indexed-256-300	untraced	3	16384	352469	43459951	352689	43376818
before	1	loops	for-list-256-300	untraced	3	16384	351610	72553645	351839	72393180
before	1	loops	fold-256-300	untraced	3	16384	348160	74922141	348499	74775783
before	1	loops	fold-256-300	untraced	4	16384	348429	75927280	346749	75798569
before	1	loops	for-list-256-300	untraced	4	16384	341429	71434387	341679	71285430
before	1	loops	while-indexed-256-300	untraced	4	16384	339439	42365203	339769	42292638
before	1	loops	while-indexed-256-300	untraced	5	16384	341730	43272941	342319	43198879
before	1	loops	for-list-256-300	untraced	5	16384	351809	76250659	349008	76089570
before	1	loops	fold-256-300	untraced	5	16384	399589	93857942	397009	93640626
before	1	loops	fold-256-300	untraced	6	16384	346460	77049698	346778	76905099
before	1	loops	for-list-256-300	untraced	6	16384	351340	87717261	349309	87476546
before	1	loops	while-indexed-256-300	untraced	6	16384	544239	58438487	545658	58269042
before	1	loops	while-indexed-256-300	untraced	7	16384	537830	47324925	538528	47200328
before	1	loops	for-list-256-300	untraced	7	16384	517089	102278148	514628	101954871
before	1	loops	fold-256-300	untraced	7	16384	581319	104467595	578238	104160915
before	1	objects	map-not-null-1024-100-fresh	untraced	1	262144	1548298	275355053	1547256	274809228
before	1	objects	map-not-null-1024-100-reuse-list	untraced	1	262144	1570688	292537306	1567286	291972216
before	1	objects	map-not-null-1024-100-reuse-objects	untraced	1	262144	2383896	285861127	2377632	285282112
before	1	objects	map-not-null-1024-100-reuse-objects	untraced	2	262144	2325596	276658131	2320753	276174654
before	1	objects	map-not-null-1024-100-reuse-list	untraced	2	262144	1951297	283004401	1947354	282385725
before	1	objects	map-not-null-1024-100-fresh	untraced	2	262144	1627127	281078524	1623025	280393222
before	1	objects	map-not-null-1024-100-fresh	untraced	3	262144	2082137	296233779	2075423	295587167
before	1	objects	map-not-null-1024-100-reuse-list	untraced	3	262144	1571808	296096079	1570705	295388019
before	1	objects	map-not-null-1024-100-reuse-objects	untraced	3	262144	2517966	305238415	2512203	304507614
before	1	objects	map-not-null-1024-100-reuse-objects	untraced	4	262144	2384106	363881312	2381653	362936929
before	1	objects	map-not-null-1024-100-reuse-list	untraced	4	262144	1647038	286253345	1643025	285590303
before	1	objects	map-not-null-1024-100-fresh	untraced	4	262144	1582607	272800577	1579945	272149053
before	1	objects	map-not-null-1024-100-fresh	untraced	5	262144	1890757	292864775	1883344	292136693
before	1	objects	map-not-null-1024-100-reuse-list	untraced	5	262144	1565988	329620516	1563565	328877083
before	1	objects	map-not-null-1024-100-reuse-objects	untraced	5	262144	2360836	284170389	2357003	283626187
before	1	objects	map-not-null-1024-100-reuse-objects	untraced	6	262144	2371446	277047680	2367553	276546539
before	1	objects	map-not-null-1024-100-reuse-list	untraced	6	262144	1573027	278905497	1571455	278331975
before	1	objects	map-not-null-1024-100-fresh	untraced	6	262144	1561597	255952954	1557905	255395843
before	1	objects	map-not-null-1024-100-fresh	untraced	7	262144	1573158	255110525	1570195	254650189
before	1	objects	map-not-null-1024-100-reuse-list	untraced	7	262144	1593078	269152342	1589265	268645065
before	1	objects	map-not-null-1024-100-reuse-objects	untraced	7	262144	2344786	282187462	2341143	281647827
before	2	loops	while-indexed-256-300	untraced	1	16384	341839	42784192	342139	42684410
before	2	loops	for-list-256-300	untraced	1	16384	340170	71757725	340459	71614094
before	2	loops	fold-256-300	untraced	1	16384	347039	74424731	345678	74281603
before	2	loops	fold-256-300	untraced	2	16384	342689	74563291	340169	74400809
before	2	loops	for-list-256-300	untraced	2	16384	343249	73275173	341689	73126016
before	2	loops	while-indexed-256-300	untraced	2	16384	340339	42677642	340629	42594491
before	2	loops	while-indexed-256-300	untraced	3	16384	344839	45233938	342149	45120362
before	2	loops	for-list-256-300	untraced	3	16384	345059	71412106	345349	71263694
before	2	loops	fold-256-300	untraced	3	16384	339939	74667091	340129	74515661
before	2	loops	fold-256-300	untraced	4	16384	341000	74411001	341209	74267584
before	2	loops	for-list-256-300	untraced	4	16384	338689	70492747	339139	70344565
before	2	loops	while-indexed-256-300	untraced	4	16384	340090	41753773	340349	41672621
before	2	loops	while-indexed-256-300	untraced	5	16384	342150	41716413	340709	41629183
before	2	loops	for-list-256-300	untraced	5	16384	341249	70933527	338748	70775712
before	2	loops	fold-256-300	untraced	5	16384	338349	74029102	338529	73895223
before	2	loops	fold-256-300	untraced	6	16384	341620	73811152	339579	73676834
before	2	loops	for-list-256-300	untraced	6	16384	340469	70815037	340629	70685832
before	2	loops	while-indexed-256-300	untraced	6	16384	338509	41876303	338679	41800620
before	2	loops	while-indexed-256-300	untraced	7	16384	343709	42373713	341849	42297058
before	2	loops	for-list-256-300	untraced	7	16384	341400	70756417	339909	70605424
before	2	loops	fold-256-300	untraced	7	16384	340730	74145371	339209	74008254
before	2	objects	map-not-null-1024-100-fresh	untraced	1	262144	1532128	246528885	1530715	246032779
before	2	objects	map-not-null-1024-100-reuse-list	untraced	1	262144	1575757	259103025	1572795	258555537
before	2	objects	map-not-null-1024-100-reuse-objects	untraced	1	262144	2297486	273553562	2293653	273009090
before	2	objects	map-not-null-1024-100-reuse-objects	untraced	2	262144	2305396	269403268	2300193	268877250
before	2	objects	map-not-null-1024-100-reuse-list	untraced	2	262144	1543628	257473597	1542135	256993925
before	2	objects	map-not-null-1024-100-fresh	untraced	2	262144	1526977	247370414	1525376	246905444
before	2	objects	map-not-null-1024-100-fresh	untraced	3	262144	1548178	245648986	1546056	245160762
before	2	objects	map-not-null-1024-100-reuse-list	untraced	3	262144	1536137	256749799	1532015	256242731
before	2	objects	map-not-null-1024-100-reuse-objects	untraced	3	262144	2290456	270953926	2287073	270436223
before	2	objects	map-not-null-1024-100-reuse-objects	untraced	4	262144	2287296	269485848	2284063	268965839
before	2	objects	map-not-null-1024-100-reuse-list	untraced	4	262144	1527957	257245668	1524705	256747876
before	2	objects	map-not-null-1024-100-fresh	untraced	4	262144	1567527	248392482	1563035	247928085
before	2	objects	map-not-null-1024-100-fresh	untraced	5	262144	1554618	246155215	1550975	245648542
before	2	objects	map-not-null-1024-100-reuse-list	untraced	5	262144	1543997	257283378	1542856	256753786
before	2	objects	map-not-null-1024-100-reuse-objects	untraced	5	262144	2299346	270226387	2292383	269683105
before	2	objects	map-not-null-1024-100-reuse-objects	untraced	6	262144	2297496	270231267	2293463	269715766
before	2	objects	map-not-null-1024-100-reuse-list	untraced	6	262144	1538487	257151228	1535766	256667202
before	2	objects	map-not-null-1024-100-fresh	untraced	6	262144	1556737	251097908	1552525	250596393
before	2	objects	map-not-null-1024-100-fresh	untraced	7	262144	1551877	247403174	1547946	246895263
before	2	objects	map-not-null-1024-100-reuse-list	untraced	7	262144	1544058	257624027	1540866	257116084
before	2	objects	map-not-null-1024-100-reuse-objects	untraced	7	262144	2307126	271060085	2298703	270518971
before	3	loops	while-indexed-256-300	untraced	1	16384	340669	41854913	338579	41782993
before	3	loops	for-list-256-300	untraced	1	16384	340130	70768556	340319	70637863
before	3	loops	fold-256-300	untraced	1	16384	337919	74009512	338089	73866234
before	3	loops	fold-256-300	untraced	2	16384	345820	74611320	344049	74480354
before	3	loops	for-list-256-300	untraced	2	16384	348349	71652995	346519	71506599
before	3	loops	while-indexed-256-300	untraced	2	16384	341830	41867912	342019	41780991
before	3	loops	while-indexed-256-300	untraced	3	16384	340130	41736303	340409	41663324
before	3	loops	for-list-256-300	untraced	3	16384	343530	70855526	341249	70715985
before	3	loops	fold-256-300	untraced	3	16384	339100	74510150	339359	74355500
before	3	loops	fold-256-300	untraced	4	16384	341289	75512269	341729	75372486
before	3	loops	for-list-256-300	untraced	4	16384	342919	71439866	343339	71292431
before	3	loops	while-indexed-256-300	untraced	4	16384	348059	42817161	346279	42737210
before	3	loops	while-indexed-256-300	untraced	5	16384	338410	41742373	338579	41663233
before	3	loops	for-list-256-300	untraced	5	16384	342120	70737986	342319	70613759
before	3	loops	fold-256-300	untraced	5	16384	343890	74570400	342149	74425097
before	3	loops	fold-256-300	untraced	6	16384	354119	74779590	348908	74622481
before	3	loops	for-list-256-300	untraced	6	16384	345789	71447216	346099	71306993
before	3	loops	while-indexed-256-300	untraced	6	16384	338979	41772873	339259	41695822
before	3	loops	while-indexed-256-300	untraced	7	16384	339769	42127543	339949	42049661
before	3	loops	for-list-256-300	untraced	7	16384	349439	71303146	343179	71176018
before	3	loops	fold-256-300	untraced	7	16384	340290	74136561	339119	73989059
before	3	objects	map-not-null-1024-100-fresh	untraced	1	262144	1522258	244847716	1519125	244394752
before	3	objects	map-not-null-1024-100-reuse-list	untraced	1	262144	1529518	255504459	1527786	255002975
before	3	objects	map-not-null-1024-100-reuse-objects	untraced	1	262144	2296736	272003983	2292923	271486900
before	3	objects	map-not-null-1024-100-reuse-objects	untraced	2	262144	2284616	269056088	2278363	268548688
before	3	objects	map-not-null-1024-100-reuse-list	untraced	2	262144	1536777	255607340	1533835	255142493
before	3	objects	map-not-null-1024-100-fresh	untraced	2	262144	1545027	249904329	1541155	249437271
before	3	objects	map-not-null-1024-100-fresh	untraced	3	262144	1542618	245662395	1539356	245215670
before	3	objects	map-not-null-1024-100-reuse-list	untraced	3	262144	1540268	256277678	1537425	255805211
before	3	objects	map-not-null-1024-100-reuse-objects	untraced	3	262144	2297536	272341412	2292823	271831362
before	3	objects	map-not-null-1024-100-reuse-objects	untraced	4	262144	2296336	269094838	2291363	268570088
before	3	objects	map-not-null-1024-100-reuse-list	untraced	4	262144	1533387	256398748	1531485	255898330
before	3	objects	map-not-null-1024-100-fresh	untraced	4	262144	1533308	248733440	1531415	248240506
before	3	objects	map-not-null-1024-100-fresh	untraced	5	262144	1543797	245831075	1540635	245362056
before	3	objects	map-not-null-1024-100-reuse-list	untraced	5	262144	1527337	259212584	1525496	258700555
before	3	objects	map-not-null-1024-100-reuse-objects	untraced	5	262144	2296606	271512474	2290363	270995536
before	3	objects	map-not-null-1024-100-reuse-objects	untraced	6	262144	2288347	268761108	2282673	268217358
before	3	objects	map-not-null-1024-100-reuse-list	untraced	6	262144	1528978	255640929	1527316	255156714
before	3	objects	map-not-null-1024-100-fresh	untraced	6	262144	1536747	250272918	1533156	249754656
before	3	objects	map-not-null-1024-100-fresh	untraced	7	262144	1550677	249126750	1546436	248630997
before	3	objects	map-not-null-1024-100-reuse-list	untraced	7	262144	1623668	256797367	1619395	256295993
before	3	objects	map-not-null-1024-100-reuse-objects	untraced	7	262144	2294026	272023653	2290773	271492851
