variant	trial	id	mode	sample	heap_bytes	create_ns	hot_ns	create_cpu_ns	hot_cpu_ns
before	1	while-indexed-256-300	untraced	1	16384	341330	42372949	341629	42267142
before	1	for-list-256-300	untraced	1	16384	340890	76044897	341069	75792200
before	1	fold-256-300	untraced	1	16384	346570	75179746	346879	74974323
before	1	fold-256-300	untraced	2	16384	360120	76658516	350249	76420867
before	1	for-list-256-300	untraced	2	16384	341310	72228446	341958	71988251
before	1	while-indexed-256-300	untraced	2	16384	347030	43051419	345179	42928539
before	1	while-indexed-256-300	untraced	3	16384	342710	42516999	342959	42377011
before	1	for-list-256-300	untraced	3	16384	344880	72809456	345259	72565930
before	1	fold-256-300	untraced	3	16384	351080	78154146	349149	77898844
before	1	fold-256-300	untraced	4	16384	349820	79565206	350079	79279089
before	1	for-list-256-300	untraced	4	16384	463231	76062046	460419	75777969
before	1	while-indexed-256-300	untraced	4	16384	346400	43291409	346659	43160659
before	1	while-indexed-256-300	untraced	5	16384	399570	44594900	400179	44451186
before	1	for-list-256-300	untraced	5	16384	344840	71375605	345169	71187784
before	1	fold-256-300	untraced	5	16384	344500	75430206	344729	75208522
before	1	fold-256-300	untraced	6	16384	381740	75912866	382509	75691960
before	1	for-list-256-300	untraced	6	16384	345400	78789507	344158	78517833
before	1	while-indexed-256-300	untraced	6	16384	345230	42164689	345489	42057742
before	1	while-indexed-256-300	untraced	7	16384	346390	42286339	343218	42163763
before	1	for-list-256-300	untraced	7	16384	343631	71704055	343819	71494562
before	1	fold-256-300	untraced	7	16384	348320	76557066	346429	76315930
before	1	map-not-null-1024-100-fresh	untraced	1	262144	1543641	251739342	1540395	251073834
before	1	map-not-null-1024-100-reuse-list	untraced	1	262144	1543490	260861444	1541095	260150946
before	1	map-not-null-1024-100-reuse-objects	untraced	1	262144	2326441	275082757	2321413	274365170
before	1	map-not-null-1024-100-reuse-objects	untraced	2	262144	2326630	274073947	2323983	273306953
before	1	map-not-null-1024-100-reuse-list	untraced	2	262144	1564740	268149226	1561586	267301144
before	1	map-not-null-1024-100-fresh	untraced	2	262144	1568050	251192302	1563996	250527178
before	1	map-not-null-1024-100-fresh	untraced	3	262144	1558570	258598384	1555045	257827089
before	1	map-not-null-1024-100-reuse-list	untraced	3	262144	1591880	364182955	1590416	362797927
before	1	map-not-null-1024-100-reuse-objects	untraced	3	262144	2480161	354799933	2463423	353398730
before	1	map-not-null-1024-100-reuse-objects	untraced	4	262144	2322260	314827025	2317693	313668404
before	1	map-not-null-1024-100-reuse-list	untraced	4	262144	1608151	266146904	1606365	265395117
before	1	map-not-null-1024-100-fresh	untraced	4	262144	1553191	266489934	1552136	265724602
before	1	map-not-null-1024-100-fresh	untraced	5	262144	1561760	252165502	1559936	251472343
before	1	map-not-null-1024-100-reuse-list	untraced	5	262144	1554610	262359244	1552566	261661597
before	1	map-not-null-1024-100-reuse-objects	untraced	5	262144	2322110	275631927	2308183	274948132
before	1	map-not-null-1024-100-reuse-objects	untraced	6	262144	2342390	279891138	2336783	279157145
before	1	map-not-null-1024-100-reuse-list	untraced	6	262144	1560520	268165415	1559745	267390844
before	1	map-not-null-1024-100-fresh	untraced	6	262144	1551930	252271322	1550465	251594296
before	1	map-not-null-1024-100-fresh	untraced	7	262144	1557330	271512576	1555855	270545621
before	1	map-not-null-1024-100-reuse-list	untraced	7	262144	1571410	265141524	1567465	264413398
before	1	map-not-null-1024-100-reuse-objects	untraced	7	262144	2330100	288377139	2326852	287446283
after	1	while-indexed-256-300	untraced	1	16384	293480	40807558	293689	40710477
after	1	for-list-256-300	untraced	1	16384	303600	66867924	297119	66688787
after	1	fold-256-300	untraced	1	16384	293860	70238404	294089	70046053
after	1	fold-256-300	untraced	2	16384	295460	70785134	293339	70595565
after	1	for-list-256-300	untraced	2	16384	296170	67543563	294230	67362543
after	1	while-indexed-256-300	untraced	2	16384	315379	40720339	299229	40612726
after	1	while-indexed-256-300	untraced	3	16384	290580	41250808	290769	41144205
after	1	for-list-256-300	untraced	3	16384	293890	67145994	292389	66980535
after	1	fold-256-300	untraced	3	16384	291550	70059524	291729	69897757
after	1	fold-256-300	untraced	4	16384	293830	70488805	292509	70322909
after	1	for-list-256-300	untraced	4	16384	293980	67274683	291779	67110724
after	1	while-indexed-256-300	untraced	4	16384	291940	42313689	292169	42209662
after	1	while-indexed-256-300	untraced	5	16384	294370	40957278	294549	40859735
after	1	for-list-256-300	untraced	5	16384	299011	67226063	297299	67037012
after	1	fold-256-300	untraced	5	16384	291800	70663915	291969	70473494
after	1	fold-256-300	untraced	6	16384	294860	70762414	295089	70583874
after	1	for-list-256-300	untraced	6	16384	294300	71283225	293339	71083993
after	1	while-indexed-256-300	untraced	6	16384	292690	41222808	292919	41120413
after	1	while-indexed-256-300	untraced	7	16384	291270	41255459	291449	41141370
after	1	for-list-256-300	untraced	7	16384	293500	67835093	293929	67657593
after	1	fold-256-300	untraced	7	16384	293810	70780115	294349	70598427
after	1	map-not-null-1024-100-fresh	untraced	1	262144	1377750	233870967	1363066	233207945
after	1	map-not-null-1024-100-reuse-list	untraced	1	262144	1388320	250169040	1387116	249532068
after	1	map-not-null-1024-100-reuse-objects	untraced	1	262144	2071850	251558960	2067284	250961089
after	1	map-not-null-1024-100-reuse-objects	untraced	2	262144	2056560	253284710	2053614	252636872
after	1	map-not-null-1024-100-reuse-list	untraced	2	262144	1374770	242070238	1373146	241389909
after	1	map-not-null-1024-100-fresh	untraced	2	262144	1371230	234835016	1369705	234221657
after	1	map-not-null-1024-100-fresh	untraced	3	262144	1380070	239222647	1377616	238594440
after	1	map-not-null-1024-100-reuse-list	untraced	3	262144	1533500	241762648	1518025	241095784
after	1	map-not-null-1024-100-reuse-objects	untraced	3	262144	2064260	249836409	2051714	249259129
after	1	map-not-null-1024-100-reuse-objects	untraced	4	262144	2055120	251477240	2049484	250891673
after	1	map-not-null-1024-100-reuse-list	untraced	4	262144	1386330	238965247	1383396	238378874
after	1	map-not-null-1024-100-fresh	untraced	4	262144	1363151	232186855	1361816	231603320
after	1	map-not-null-1024-100-fresh	untraced	5	262144	1383560	234609797	1380656	233990595
after	1	map-not-null-1024-100-reuse-list	untraced	5	262144	1394240	250637499	1392306	249922063
after	1	map-not-null-1024-100-reuse-objects	untraced	5	262144	2066411	251927579	2063004	251252760
after	1	map-not-null-1024-100-reuse-objects	untraced	6	262144	2045870	253399010	2043284	252713488
after	1	map-not-null-1024-100-reuse-list	untraced	6	262144	1385490	241064798	1382896	240440854
after	1	map-not-null-1024-100-fresh	untraced	6	262144	1372330	235102956	1366606	234423238
after	1	map-not-null-1024-100-fresh	untraced	7	262144	1388190	235697086	1386146	235098205
after	1	map-not-null-1024-100-reuse-list	untraced	7	262144	1423030	253127410	1419065	252446820
after	1	map-not-null-1024-100-reuse-objects	untraced	7	262144	2064280	250818799	2060794	250141377
before	2	while-indexed-256-300	untraced	1	16384	340860	41763938	341099	41664635
before	2	for-list-256-300	untraced	1	16384	337850	71045504	338029	70871604
before	2	fold-256-300	untraced	1	16384	342160	74119713	340609	73920904
before	2	fold-256-300	untraced	2	16384	337740	73946863	337969	73754012
before	2	for-list-256-300	untraced	2	16384	343780	72080554	342348	71887745
before	2	while-indexed-256-300	untraced	2	16384	352460	43033058	352819	42907940
before	2	while-indexed-256-300	untraced	3	16384	347970	42824288	348349	42695822
before	2	for-list-256-300	untraced	3	16384	346060	71659263	346399	71450773
before	2	fold-256-300	untraced	3	16384	340980	75130054	341329	74922093
before	2	fold-256-300	untraced	4	16384	454550	75367394	454959	75154030
before	2	for-list-256-300	untraced	4	16384	340420	71554204	340689	71345109
before	2	while-indexed-256-300	untraced	4	16384	344190	42527078	344479	42407441
before	2	while-indexed-256-300	untraced	5	16384	340400	41885797	340659	41769423
before	2	for-list-256-300	untraced	5	16384	345231	70447333	343709	70266391
before	2	fold-256-300	untraced	5	16384	340410	73864533	338509	73691816
before	2	fold-256-300	untraced	6	16384	340210	74140394	340659	73945279
before	2	for-list-256-300	untraced	6	16384	346530	70784873	345399	70614234
before	2	while-indexed-256-300	untraced	6	16384	339510	41778838	339779	41679003
before	2	while-indexed-256-300	untraced	7	16384	338720	42563508	338899	42431991
before	2	for-list-256-300	untraced	7	16384	339450	70600223	339739	70407496
before	2	fold-256-300	untraced	7	16384	337960	73742844	338189	73562186
before	2	map-not-null-1024-100-fresh	untraced	1	262144	1530300	247033915	1528595	246434769
before	2	map-not-null-1024-100-reuse-list	untraced	1	262144	1560700	258146377	1559295	257513977
before	2	map-not-null-1024-100-reuse-objects	untraced	1	262144	2308780	269572869	2297743	268901000
before	2	map-not-null-1024-100-reuse-objects	untraced	2	262144	2311080	268583069	2307583	267890003
before	2	map-not-null-1024-100-reuse-list	untraced	2	262144	1564950	258745917	1555084	258107348
before	2	map-not-null-1024-100-fresh	untraced	2	262144	1548330	247046234	1538466	246395356
before	2	map-not-null-1024-100-fresh	untraced	3	262144	1540220	246176104	1538736	245552811
before	2	map-not-null-1024-100-reuse-list	untraced	3	262144	1556271	257529876	1551135	256875703
before	2	map-not-null-1024-100-reuse-objects	untraced	3	262144	2318300	268915998	2311383	268253224
before	2	map-not-null-1024-100-reuse-objects	untraced	4	262144	2315731	269162848	2309693	268472114
before	2	map-not-null-1024-100-reuse-list	untraced	4	262144	1565761	258234346	1561985	257526229
before	2	map-not-null-1024-100-fresh	untraced	4	262144	1558720	247351565	1551235	246671112
before	2	map-not-null-1024-100-fresh	untraced	5	262144	1540240	246404334	1536495	245741103
before	2	map-not-null-1024-100-reuse-list	untraced	5	262144	1551300	257780706	1547325	257083598
before	2	map-not-null-1024-100-reuse-objects	untraced	5	262144	2300590	270103998	2297193	269393924
before	2	map-not-null-1024-100-reuse-objects	untraced	6	262144	2311531	269477838	2297533	268797591
before	2	map-not-null-1024-100-reuse-list	untraced	6	262144	1558210	260047447	1554625	259399849
before	2	map-not-null-1024-100-fresh	untraced	6	262144	1556740	247919534	1545986	247261986
before	2	map-not-null-1024-100-fresh	untraced	7	262144	1540681	247204424	1539135	246572260
before	2	map-not-null-1024-100-reuse-list	untraced	7	262144	1558820	258720226	1557445	258060710
before	2	map-not-null-1024-100-reuse-objects	untraced	7	262144	2324431	270526168	2320403	269809592
after	2	while-indexed-256-300	untraced	1	16384	307701	47035689	295529	46910718
after	2	for-list-256-300	untraced	1	16384	305380	79067445	298159	78832461
after	2	fold-256-300	untraced	1	16384	303460	70177984	301679	69993955
after	2	fold-256-300	untraced	2	16384	292660	70454004	292919	70272655
after	2	for-list-256-300	untraced	2	16384	294020	67084893	294429	66920044
after	2	while-indexed-256-300	untraced	2	16384	292170	41861638	292419	41753962
after	2	while-indexed-256-300	untraced	3	16384	297300	41965318	297539	41839371
after	2	for-list-256-300	untraced	3	16384	299210	68062054	297390	67864943
after	2	fold-256-300	untraced	3	16384	292230	70805314	292489	70605639
after	2	fold-256-300	untraced	4	16384	297140	82972666	295529	82706679
after	2	for-list-256-300	untraced	4	16384	568160	115987812	548968	115523981
after	2	while-indexed-256-300	untraced	4	16384	513601	69214433	514168	68913672
after	2	while-indexed-256-300	untraced	5	16384	499270	67862673	500088	67553625
after	2	for-list-256-300	untraced	5	16384	466540	113637753	463499	113046156
after	2	fold-256-300	untraced	5	16384	519809	123878175	520779	123354118
after	2	fold-256-300	untraced	6	16384	517890	118771793	518649	118229393
after	2	for-list-256-300	untraced	6	16384	506140	115243302	502828	114728304
after	2	while-indexed-256-300	untraced	6	16384	310740	49577170	308429	49358809
after	2	while-indexed-256-300	untraced	7	16384	530560	66992653	531188	66628358
after	2	for-list-256-300	untraced	7	16384	518380	102008500	516468	101453283
after	2	fold-256-300	untraced	7	16384	535820	101515030	533808	100988685
after	2	map-not-null-1024-100-fresh	untraced	1	262144	1368151	234222924	1367046	233661045
after	2	map-not-null-1024-100-reuse-list	untraced	1	262144	1370410	239892975	1369036	239326515
after	2	map-not-null-1024-100-reuse-objects	untraced	1	262144	2036071	249021307	2032503	248395020
after	2	map-not-null-1024-100-reuse-objects	untraced	2	262144	2052600	251583768	2049324	250955540
after	2	map-not-null-1024-100-reuse-list	untraced	2	262144	1388430	240759035	1379955	240122529
after	2	map-not-null-1024-100-fresh	untraced	2	262144	1360371	231886173	1357276	231295571
after	2	map-not-null-1024-100-fresh	untraced	3	262144	1358400	234471384	1355726	233889252
after	2	map-not-null-1024-100-reuse-list	untraced	3	262144	1359500	238835375	1358546	238347808
after	2	map-not-null-1024-100-reuse-objects	untraced	3	262144	2008891	249040736	2006644	248516716
after	2	map-not-null-1024-100-reuse-objects	untraced	4	262144	2037611	252470447	2034984	251871106
after	2	map-not-null-1024-100-reuse-list	untraced	4	262144	1367181	239014754	1365336	238415236
after	2	map-not-null-1024-100-fresh	untraced	4	262144	1351491	232499063	1349856	231903408
after	2	map-not-null-1024-100-fresh	untraced	5	262144	1380021	233838964	1378846	233271822
after	2	map-not-null-1024-100-reuse-list	untraced	5	262144	1350690	237833174	1348715	237225824
after	2	map-not-null-1024-100-reuse-objects	untraced	5	262144	2022201	249006007	2017535	248352179
after	2	map-not-null-1024-100-reuse-objects	untraced	6	262144	2051320	251601547	2047263	250952848
after	2	map-not-null-1024-100-reuse-list	untraced	6	262144	1378340	239128655	1374696	238541161
after	2	map-not-null-1024-100-fresh	untraced	6	262144	1353250	232159444	1351696	231636451
after	2	map-not-null-1024-100-fresh	untraced	7	262144	1400550	237242594	1390576	236625936
after	2	map-not-null-1024-100-reuse-list	untraced	7	262144	1365951	240726075	1364086	240145506
after	2	map-not-null-1024-100-reuse-objects	untraced	7	262144	2018420	249925346	2014384	249322873
before	3	while-indexed-256-300	untraced	1	16384	341440	42064097	341679	41950863
before	3	for-list-256-300	untraced	1	16384	337111	70425132	337349	70211166
before	3	fold-256-300	untraced	1	16384	337920	73904773	338179	73723483
before	3	fold-256-300	untraced	2	16384	337470	73514193	337679	73299472
before	3	for-list-256-300	untraced	2	16384	339590	70511273	339779	70341831
before	3	while-indexed-256-300	untraced	2	16384	338880	42040407	339079	41935809
before	3	while-indexed-256-300	untraced	3	16384	339520	42161977	338249	42028652
before	3	for-list-256-300	untraced	3	16384	335970	70920393	336159	70740085
before	3	fold-256-300	untraced	3	16384	342950	74706273	343259	74515382
before	3	fold-256-300	untraced	4	16384	337880	74157973	338069	73961023
before	3	for-list-256-300	untraced	4	16384	341350	70553323	339629	70326684
before	3	while-indexed-256-300	untraced	4	16384	347430	41636147	345499	41529333
before	3	while-indexed-256-300	untraced	5	16384	338130	41641578	338459	41485943
before	3	for-list-256-300	untraced	5	16384	335980	70332992	336179	70159606
before	3	fold-256-300	untraced	5	16384	339280	73480433	339589	73303817
before	3	fold-256-300	untraced	6	16384	347520	74106144	345819	73905850
before	3	for-list-256-300	untraced	6	16384	337980	70297562	338169	70112796
before	3	while-indexed-256-300	untraced	6	16384	337480	41514867	337659	41412952
before	3	while-indexed-256-300	untraced	7	16384	343060	41778548	343269	41659412
before	3	for-list-256-300	untraced	7	16384	336960	71185443	337169	70963463
before	3	fold-256-300	untraced	7	16384	338430	73582553	338729	73397945
before	3	map-not-null-1024-100-fresh	untraced	1	262144	1551291	251923773	1549986	251275127
before	3	map-not-null-1024-100-reuse-list	untraced	1	262144	1551050	258099935	1546486	257410770
before	3	map-not-null-1024-100-reuse-objects	untraced	1	262144	2363680	278804608	2359732	278069051
before	3	map-not-null-1024-100-reuse-objects	untraced	2	262144	2308331	274152357	2293343	273407731
before	3	map-not-null-1024-100-reuse-list	untraced	2	262144	1535440	257271365	1531765	256640467
before	3	map-not-null-1024-100-fresh	untraced	2	262144	1547810	248243063	1544654	247669030
before	3	map-not-null-1024-100-fresh	untraced	3	262144	1537250	250558803	1535616	249964399
before	3	map-not-null-1024-100-reuse-list	untraced	3	262144	1552710	258724685	1549585	258098117
before	3	map-not-null-1024-100-reuse-objects	untraced	3	262144	2283560	269266586	2279763	268593160
before	3	map-not-null-1024-100-reuse-objects	untraced	4	262144	2304450	271039946	2290593	270362362
before	3	map-not-null-1024-100-reuse-list	untraced	4	262144	1539291	259280214	1537515	258512214
before	3	map-not-null-1024-100-fresh	untraced	4	262144	1542870	248532083	1541295	247943987
before	3	map-not-null-1024-100-fresh	untraced	5	262144	1550060	246735402	1547795	246087080
before	3	map-not-null-1024-100-reuse-list	untraced	5	262144	1545631	259609334	1544365	259027433
before	3	map-not-null-1024-100-reuse-objects	untraced	5	262144	2296470	269515596	2292373	268882053
before	3	map-not-null-1024-100-reuse-objects	untraced	6	262144	2303641	268563746	2292723	267943812
before	3	map-not-null-1024-100-reuse-list	untraced	6	262144	1539760	257855674	1537996	257227391
before	3	map-not-null-1024-100-fresh	untraced	6	262144	1541800	246598002	1541095	245993080
before	3	map-not-null-1024-100-fresh	untraced	7	262144	1556981	246596612	1546445	246003690
before	3	map-not-null-1024-100-reuse-list	untraced	7	262144	1555330	257832214	1551405	257235963
before	3	map-not-null-1024-100-reuse-objects	untraced	7	262144	2324810	270922146	2317982	270278858
after	3	while-indexed-256-300	untraced	1	16384	291680	41518997	291999	41412651
after	3	for-list-256-300	untraced	1	16384	290430	67046211	290669	66867706
after	3	fold-256-300	untraced	1	16384	291040	70261062	291219	70097966
after	3	fold-256-300	untraced	2	16384	290000	69232612	290179	69079237
after	3	for-list-256-300	untraced	2	16384	289590	66314901	287739	66167659
after	3	while-indexed-256-300	untraced	2	16384	296150	41161907	294700	41061435
after	3	while-indexed-256-300	untraced	3	16384	288011	40726526	288249	40616186
after	3	for-list-256-300	untraced	3	16384	286860	66217442	287039	66072017
after	3	fold-256-300	untraced	3	16384	289530	70332272	289709	70177446
after	3	fold-256-300	untraced	4	16384	305230	70041762	296029	69880886
after	3	for-list-256-300	untraced	4	16384	287790	66434581	288009	66274909
after	3	while-indexed-256-300	untraced	4	16384	285620	40990387	285830	40897985
after	3	while-indexed-256-300	untraced	5	16384	290370	40863067	289009	40761473
after	3	for-list-256-300	untraced	5	16384	285930	66245491	286179	66095397
after	3	fold-256-300	untraced	5	16384	290400	69729122	288929	69560274
after	3	fold-256-300	untraced	6	16384	286800	69867642	284829	69699506
after	3	for-list-256-300	untraced	6	16384	288020	66460071	288189	66286337
after	3	while-indexed-256-300	untraced	6	16384	287370	40532787	287619	40440224
after	3	while-indexed-256-300	untraced	7	16384	287040	40993517	287199	40906624
after	3	for-list-256-300	untraced	7	16384	289230	66851341	289379	66697585
after	3	fold-256-300	untraced	7	16384	292750	70228392	291039	70084397
after	3	map-not-null-1024-100-fresh	untraced	1	262144	1377900	231999219	1373616	231340619
after	3	map-not-null-1024-100-reuse-list	untraced	1	262144	1390900	238743719	1389146	238082611
after	3	map-not-null-1024-100-reuse-objects	untraced	1	262144	2033720	247207661	2030284	246530222
after	3	map-not-null-1024-100-reuse-objects	untraced	2	262144	2056771	248936170	2053364	248274615
after	3	map-not-null-1024-100-reuse-list	untraced	2	262144	1374511	238036759	1373036	237406440
after	3	map-not-null-1024-100-fresh	untraced	2	262144	1370740	231693218	1366225	231069574
after	3	map-not-null-1024-100-fresh	untraced	3	262144	1364900	230722858	1363345	230044263
after	3	map-not-null-1024-100-reuse-list	untraced	3	262144	1379451	239938149	1377656	239285288
after	3	map-not-null-1024-100-reuse-objects	untraced	3	262144	2164370	248268751	2146754	247629224
after	3	map-not-null-1024-100-reuse-objects	untraced	4	262144	2057590	249950191	2053313	249246707
after	3	map-not-null-1024-100-reuse-list	untraced	4	262144	1367301	238031919	1363096	237377021
after	3	map-not-null-1024-100-fresh	untraced	4	262144	1374020	232519038	1372916	231847564
after	3	map-not-null-1024-100-fresh	untraced	5	262144	1354720	231437058	1352756	230824102
after	3	map-not-null-1024-100-reuse-list	untraced	5	262144	1362450	239756029	1360626	239057582
after	3	map-not-null-1024-100-reuse-objects	untraced	5	262144	2032601	248600320	2020683	247950087
after	3	map-not-null-1024-100-reuse-objects	untraced	6	262144	2026741	248083650	2024194	247426432
after	3	map-not-null-1024-100-reuse-list	untraced	6	262144	1364470	239096169	1362676	238471747
after	3	map-not-null-1024-100-fresh	untraced	6	262144	1470620	230810638	1469896	230199603
after	3	map-not-null-1024-100-fresh	untraced	7	262144	1519660	232254628	1514556	231599709
after	3	map-not-null-1024-100-reuse-list	untraced	7	262144	1421070	242524900	1416586	241834437
after	3	map-not-null-1024-100-reuse-objects	untraced	7	262144	2091950	250854921	2089034	250103144
