round	version	id	mode	samples	heap_bytes	create_median_ns	hot_min_ns	hot_median_ns	hot_max_ns	hot_fixed_units	hot_dynamic_units	hot_maintenance_units	hot_blocks	hot_executed_instructions	hot_retired_instructions	hot_requests	hot_responses
1	before	map-not-null-1024-100-fresh	untraced	7	262144	1729768	278040978	288107646	290620303	30573386	234512	82617	4387012	15321345	15321345	1	1
1	before	map-not-null-1024-100-reuse-list	untraced	7	262144	1744718	300946301	307595353	321208328	32079913	51312	55913	4577464	16090765	16090765	1	1
1	before	map-not-null-1024-100-reuse-objects	untraced	7	262144	2612467	306268435	318467061	333890503	34179532	112	0	4884701	17268672	17268672	1	1
1	after	map-not-null-1024-100-fresh	untraced	7	262144	1586618	247977832	250378170	260206759	30573386	234512	82617	4387012	15321345	15321345	1	1
1	after	map-not-null-1024-100-reuse-list	untraced	7	262144	1551398	259854709	260289148	262059676	32079913	51312	55913	4577464	16090765	16090765	1	1
1	after	map-not-null-1024-100-reuse-objects	untraced	7	262144	2343207	273390333	275860931	278080268	34179532	112	0	4884701	17268672	17268672	1	1
2	before	map-not-null-1024-100-fresh	untraced	7	262144	1671348	269552637	270843167	272119404	30573386	234512	82617	4387012	15321345	15321345	1	1
2	before	map-not-null-1024-100-reuse-list	untraced	7	262144	1672818	283276122	283859571	285799149	32079913	51312	55913	4577464	16090765	16090765	1	1
2	before	map-not-null-1024-100-reuse-objects	untraced	7	262144	2515327	299711993	300469631	302078460	34179532	112	0	4884701	17268672	17268672	1	1
2	after	map-not-null-1024-100-fresh	untraced	7	262144	1557048	246862965	247716623	250307900	30573386	234512	82617	4387012	15321345	15321345	1	1
2	after	map-not-null-1024-100-reuse-list	untraced	7	262144	1547678	259841128	260868898	261351856	32079913	51312	55913	4577464	16090765	16090765	1	1
2	after	map-not-null-1024-100-reuse-objects	untraced	7	262144	2319447	273224474	275417911	276634660	34179532	112	0	4884701	17268672	17268672	1	1
3	before	map-not-null-1024-100-fresh	untraced	7	262144	1672338	268742198	270477547	275605851	30573386	234512	82617	4387012	15321345	15321345	1	1
3	before	map-not-null-1024-100-reuse-list	untraced	7	262144	1670738	282334993	284320230	292460801	32079913	51312	55913	4577464	16090765	16090765	1	1
3	before	map-not-null-1024-100-reuse-objects	untraced	7	262144	2500657	298861873	299910652	305618126	34179532	112	0	4884701	17268672	17268672	1	1
3	after	map-not-null-1024-100-fresh	untraced	7	262144	1563758	245310806	247309673	251213529	30573386	234512	82617	4387012	15321345	15321345	1	1
3	after	map-not-null-1024-100-reuse-list	untraced	7	262144	1562198	258799300	259955198	262865155	32079913	51312	55913	4577464	16090765	16090765	1	1
3	after	map-not-null-1024-100-reuse-objects	untraced	7	262144	2314968	271629095	272119735	275703310	34179532	112	0	4884701	17268672	17268672	1	1
