round	version	id	mode	sample	heap_bytes	create_ns	hot_ns
1	before	map-not-null-1024-100-fresh	untraced	1	262144	1506249	245260022
1	before	map-not-null-1024-100-reuse-list	untraced	1	262144	1513629	256581709
1	before	map-not-null-1024-100-reuse-objects	untraced	1	262144	2289978	270759674
1	before	map-not-null-1024-100-reuse-objects	untraced	2	262144	2264687	270467594
1	before	map-not-null-1024-100-reuse-list	untraced	2	262144	1519759	256896579
1	before	map-not-null-1024-100-fresh	untraced	2	262144	1514789	245638401
1	before	map-not-null-1024-100-fresh	untraced	3	262144	1525659	246540130
1	before	map-not-null-1024-100-reuse-list	untraced	3	262144	1518188	260172936
1	before	map-not-null-1024-100-reuse-objects	untraced	3	262144	2249577	270802944
1	before	map-not-null-1024-100-reuse-objects	untraced	4	262144	2269788	270669484
1	before	map-not-null-1024-100-reuse-list	untraced	4	262144	1521698	257648808
1	before	map-not-null-1024-100-fresh	untraced	4	262144	1501928	245012543
1	before	map-not-null-1024-100-fresh	untraced	5	262144	1512759	245149592
1	before	map-not-null-1024-100-reuse-list	untraced	5	262144	1519828	258324688
1	before	map-not-null-1024-100-reuse-objects	untraced	5	262144	2294348	272782972
1	before	map-not-null-1024-100-reuse-objects	untraced	6	262144	2266807	271372863
1	before	map-not-null-1024-100-reuse-list	untraced	6	262144	1518749	258320807
1	before	map-not-null-1024-100-fresh	untraced	6	262144	1520408	246181661
1	before	map-not-null-1024-100-fresh	untraced	7	262144	1511858	245634082
1	before	map-not-null-1024-100-reuse-list	untraced	7	262144	1504278	258553807
1	before	map-not-null-1024-100-reuse-objects	untraced	7	262144	2267168	270374024
1	after	map-not-null-1024-100-fresh	untraced	1	262144	1446268	233739505
1	after	map-not-null-1024-100-reuse-list	untraced	1	262144	1457199	246269561
1	after	map-not-null-1024-100-reuse-objects	untraced	1	262144	2163298	257095709
1	after	map-not-null-1024-100-reuse-objects	untraced	2	262144	2151227	257480179
1	after	map-not-null-1024-100-reuse-list	untraced	2	262144	1442618	245821031
1	after	map-not-null-1024-100-fresh	untraced	2	262144	1457228	233851965
1	after	map-not-null-1024-100-fresh	untraced	3	262144	1465598	235871092
1	after	map-not-null-1024-100-reuse-list	untraced	3	262144	1459708	246503211
1	after	map-not-null-1024-100-reuse-objects	untraced	3	262144	2161538	257490848
1	after	map-not-null-1024-100-reuse-objects	untraced	4	262144	2159438	257814348
1	after	map-not-null-1024-100-reuse-list	untraced	4	262144	1463108	246303871
1	after	map-not-null-1024-100-fresh	untraced	4	262144	1451458	233529975
1	after	map-not-null-1024-100-fresh	untraced	5	262144	1450389	232901725
1	after	map-not-null-1024-100-reuse-list	untraced	5	262144	1455768	245686282
1	after	map-not-null-1024-100-reuse-objects	untraced	5	262144	2154807	256432100
1	after	map-not-null-1024-100-reuse-objects	untraced	6	262144	2161727	257811508
1	after	map-not-null-1024-100-reuse-list	untraced	6	262144	1440529	245127761
1	after	map-not-null-1024-100-fresh	untraced	6	262144	1456649	235841252
1	after	map-not-null-1024-100-fresh	untraced	7	262144	1441279	233611344
1	after	map-not-null-1024-100-reuse-list	untraced	7	262144	1451059	246292090
1	after	map-not-null-1024-100-reuse-objects	untraced	7	262144	2159038	257631068
2	before	map-not-null-1024-100-fresh	untraced	1	262144	1519509	246321940
2	before	map-not-null-1024-100-reuse-list	untraced	1	262144	1537308	259534966
2	before	map-not-null-1024-100-reuse-objects	untraced	1	262144	2289598	273238211
2	before	map-not-null-1024-100-reuse-objects	untraced	2	262144	2272368	270917683
2	before	map-not-null-1024-100-reuse-list	untraced	2	262144	1518889	257855397
2	before	map-not-null-1024-100-fresh	untraced	2	262144	1523198	245902881
2	before	map-not-null-1024-100-fresh	untraced	3	262144	1535959	246722950
2	before	map-not-null-1024-100-reuse-list	untraced	3	262144	1522529	258218027
2	before	map-not-null-1024-100-reuse-objects	untraced	3	262144	2276457	272151152
2	before	map-not-null-1024-100-reuse-objects	untraced	4	262144	2273728	272763491
2	before	map-not-null-1024-100-reuse-list	untraced	4	262144	1528889	260045555
2	before	map-not-null-1024-100-fresh	untraced	4	262144	1518598	246654480
2	before	map-not-null-1024-100-fresh	untraced	5	262144	1527788	247589779
2	before	map-not-null-1024-100-reuse-list	untraced	5	262144	1529608	258625147
2	before	map-not-null-1024-100-reuse-objects	untraced	5	262144	2264998	272126872
2	before	map-not-null-1024-100-reuse-objects	untraced	6	262144	2273907	271520373
2	before	map-not-null-1024-100-reuse-list	untraced	6	262144	1532818	257685378
2	before	map-not-null-1024-100-fresh	untraced	6	262144	1518068	245943561
2	before	map-not-null-1024-100-fresh	untraced	7	262144	1505968	245788211
2	before	map-not-null-1024-100-reuse-list	untraced	7	262144	1514599	257903237
2	before	map-not-null-1024-100-reuse-objects	untraced	7	262144	2275238	272876441
2	after	map-not-null-1024-100-fresh	untraced	1	262144	1455668	233641325
2	after	map-not-null-1024-100-reuse-list	untraced	1	262144	1445819	247106510
2	after	map-not-null-1024-100-reuse-objects	untraced	1	262144	2168798	258473187
2	after	map-not-null-1024-100-reuse-objects	untraced	2	262144	2168977	258364928
2	after	map-not-null-1024-100-reuse-list	untraced	2	262144	1462488	245954981
2	after	map-not-null-1024-100-fresh	untraced	2	262144	1452968	236633401
2	after	map-not-null-1024-100-fresh	untraced	3	262144	1469008	234578574
2	after	map-not-null-1024-100-reuse-list	untraced	3	262144	1462318	246178141
2	after	map-not-null-1024-100-reuse-objects	untraced	3	262144	2172527	257928498
2	after	map-not-null-1024-100-reuse-objects	untraced	4	262144	2160487	259073117
2	after	map-not-null-1024-100-reuse-list	untraced	4	262144	1424078	250440176
2	after	map-not-null-1024-100-fresh	untraced	4	262144	1462818	235890712
2	after	map-not-null-1024-100-fresh	untraced	5	262144	1459519	233867484
2	after	map-not-null-1024-100-reuse-list	untraced	5	262144	1457219	244898052
2	after	map-not-null-1024-100-reuse-objects	untraced	5	262144	2162087	257395029
2	after	map-not-null-1024-100-reuse-objects	untraced	6	262144	2187857	258555367
2	after	map-not-null-1024-100-reuse-list	untraced	6	262144	1448148	244032613
2	after	map-not-null-1024-100-fresh	untraced	6	262144	1451689	232533325
2	after	map-not-null-1024-100-fresh	untraced	7	262144	1445528	233179595
2	after	map-not-null-1024-100-reuse-list	untraced	7	262144	1452899	247295289
2	after	map-not-null-1024-100-reuse-objects	untraced	7	262144	2228347	258366138
3	before	map-not-null-1024-100-fresh	untraced	1	262144	1566538	257133639
3	before	map-not-null-1024-100-reuse-list	untraced	1	262144	1598449	269839604
3	before	map-not-null-1024-100-reuse-objects	untraced	1	262144	2386077	285726977
3	before	map-not-null-1024-100-reuse-objects	untraced	2	262144	2363567	286611826
3	before	map-not-null-1024-100-reuse-list	untraced	2	262144	1583268	267965637
3	before	map-not-null-1024-100-fresh	untraced	2	262144	1572099	254615971
3	before	map-not-null-1024-100-fresh	untraced	3	262144	1578028	254752541
3	before	map-not-null-1024-100-reuse-list	untraced	3	262144	1579298	268679055
3	before	map-not-null-1024-100-reuse-objects	untraced	3	262144	2348348	282753570
3	before	map-not-null-1024-100-reuse-objects	untraced	4	262144	2341767	282452880
3	before	map-not-null-1024-100-reuse-list	untraced	4	262144	1581679	267271897
3	before	map-not-null-1024-100-fresh	untraced	4	262144	1596848	255532490
3	before	map-not-null-1024-100-fresh	untraced	5	262144	1586598	256000809
3	before	map-not-null-1024-100-reuse-list	untraced	5	262144	1589548	267931637
3	before	map-not-null-1024-100-reuse-objects	untraced	5	262144	2369667	282631010
3	before	map-not-null-1024-100-reuse-objects	untraced	6	262144	2364188	281834871
3	before	map-not-null-1024-100-reuse-list	untraced	6	262144	1587579	267027957
3	before	map-not-null-1024-100-fresh	untraced	6	262144	1572858	254493911
3	before	map-not-null-1024-100-fresh	untraced	7	262144	1575759	255532129
3	before	map-not-null-1024-100-reuse-list	untraced	7	262144	1585428	265983339
3	before	map-not-null-1024-100-reuse-objects	untraced	7	262144	2368007	283004530
3	after	map-not-null-1024-100-fresh	untraced	1	262144	1439148	233056685
3	after	map-not-null-1024-100-reuse-list	untraced	1	262144	1473968	248781187
3	after	map-not-null-1024-100-reuse-objects	untraced	1	262144	2220038	260345894
3	after	map-not-null-1024-100-reuse-objects	untraced	2	262144	2198168	259893855
3	after	map-not-null-1024-100-reuse-list	untraced	2	262144	1473258	244958381
3	after	map-not-null-1024-100-fresh	untraced	2	262144	1454689	233538424
3	after	map-not-null-1024-100-fresh	untraced	3	262144	1448589	233127494
3	after	map-not-null-1024-100-reuse-list	untraced	3	262144	1464158	250622986
3	after	map-not-null-1024-100-reuse-objects	untraced	3	262144	2234887	259424966
3	after	map-not-null-1024-100-reuse-objects	untraced	4	262144	2191357	260617755
3	after	map-not-null-1024-100-reuse-list	untraced	4	262144	1440119	247891858
3	after	map-not-null-1024-100-fresh	untraced	4	262144	1448218	232775785
3	after	map-not-null-1024-100-fresh	untraced	5	262144	1450348	233406814
3	after	map-not-null-1024-100-reuse-list	untraced	5	262144	1483599	248524007
3	after	map-not-null-1024-100-reuse-objects	untraced	5	262144	2173007	259674016
3	after	map-not-null-1024-100-reuse-objects	untraced	6	262144	2181158	259624305
3	after	map-not-null-1024-100-reuse-list	untraced	6	262144	1483939	247343438
3	after	map-not-null-1024-100-fresh	untraced	6	262144	1468249	234849012
3	after	map-not-null-1024-100-fresh	untraced	7	262144	1465058	234907923
3	after	map-not-null-1024-100-reuse-list	untraced	7	262144	1473208	247510728
3	after	map-not-null-1024-100-reuse-objects	untraced	7	262144	2170108	258068737
