round	id	mode	samples	heap_bytes	create_median_ns	hot_min_ns	hot_median_ns	hot_max_ns	hot_fixed_units	hot_dynamic_units	hot_maintenance_units	hot_blocks	hot_executed_instructions	hot_retired_instructions	hot_requests	hot_responses
1	map-not-null-1024-100-fresh	untraced	7	262144	1488489	241991727	242879829	245661045	30676186	234512	82617	4387012	15372745	15372745	1	1
1	map-not-null-1024-100-reuse-list	untraced	7	262144	1499190	252738125	254319046	256722166	32079913	51312	55913	4577464	16090765	16090765	1	1
1	map-not-null-1024-100-reuse-objects	untraced	7	262144	2240639	265502949	267396993	273775074	34179532	112	0	4884701	17268672	17268672	1	1
2	map-not-null-1024-100-fresh	untraced	7	262144	1498379	242289868	244303234	245909094	30676186	234512	82617	4387012	15372745	15372745	1	1
2	map-not-null-1024-100-reuse-list	untraced	7	262144	1490129	252213476	253487351	255089162	32079913	51312	55913	4577464	16090765	16090765	1	1
2	map-not-null-1024-100-reuse-objects	untraced	7	262144	2218148	265349103	266236565	269495276	34179532	112	0	4884701	17268672	17268672	1	1
3	map-not-null-1024-100-fresh	untraced	7	262144	1507879	242028277	246706926	248816654	30676186	234512	82617	4387012	15372745	15372745	1	1
3	map-not-null-1024-100-reuse-list	untraced	7	262144	1509109	252800384	254344914	256777525	32079913	51312	55913	4577464	16090765	16090765	1	1
3	map-not-null-1024-100-reuse-objects	untraced	7	262144	2235909	265650928	266782183	272170742	34179532	112	0	4884701	17268672	17268672	1	1
