round	id	mode	sample	heap_bytes	create_ns	hot_ns
1	map-not-null-1024-100-fresh	untraced	1	262144	1488489	245661045
1	map-not-null-1024-100-reuse-list	untraced	1	262144	1502669	255344499
1	map-not-null-1024-100-reuse-objects	untraced	1	262144	2267070	267396993
1	map-not-null-1024-100-reuse-objects	untraced	2	262144	2232188	266243309
1	map-not-null-1024-100-reuse-list	untraced	2	262144	1502119	254319046
1	map-not-null-1024-100-fresh	untraced	2	262144	1477749	243138763
1	map-not-null-1024-100-fresh	untraced	3	262144	1492729	242675727
1	map-not-null-1024-100-reuse-list	untraced	3	262144	1499190	252738125
1	map-not-null-1024-100-reuse-objects	untraced	3	262144	2232408	265502949
1	map-not-null-1024-100-reuse-objects	untraced	4	262144	2227199	266283539
1	map-not-null-1024-100-reuse-list	untraced	4	262144	1484059	253354413
1	map-not-null-1024-100-fresh	untraced	4	262144	1493149	243865142
1	map-not-null-1024-100-fresh	untraced	5	262144	1488249	242879829
1	map-not-null-1024-100-reuse-list	untraced	5	262144	1504160	254956903
1	map-not-null-1024-100-reuse-objects	untraced	5	262144	2243879	269515320
1	map-not-null-1024-100-reuse-objects	untraced	6	262144	2240639	270653234
1	map-not-null-1024-100-reuse-list	untraced	6	262144	1492979	254167254
1	map-not-null-1024-100-fresh	untraced	6	262144	1484099	242258561
1	map-not-null-1024-100-fresh	untraced	7	262144	1511880	241991727
1	map-not-null-1024-100-reuse-list	untraced	7	262144	1496409	256722166
1	map-not-null-1024-100-reuse-objects	untraced	7	262144	2306519	273775074
2	map-not-null-1024-100-fresh	untraced	1	262144	1479829	243729037
2	map-not-null-1024-100-reuse-list	untraced	1	262144	1494119	252213476
2	map-not-null-1024-100-reuse-objects	untraced	1	262144	2218148	266236565
2	map-not-null-1024-100-reuse-objects	untraced	2	262144	2203108	266546549
2	map-not-null-1024-100-reuse-list	untraced	2	262144	1490129	252611040
2	map-not-null-1024-100-fresh	untraced	2	262144	1498379	244303234
2	map-not-null-1024-100-fresh	untraced	3	262144	1482299	244412275
2	map-not-null-1024-100-reuse-list	untraced	3	262144	1502199	255089162
2	map-not-null-1024-100-reuse-objects	untraced	3	262144	2250919	266307596
2	map-not-null-1024-100-reuse-objects	untraced	4	262144	2230408	265994782
2	map-not-null-1024-100-reuse-list	untraced	4	262144	1502219	253422151
2	map-not-null-1024-100-fresh	untraced	4	262144	1512419	245909094
2	map-not-null-1024-100-fresh	untraced	5	262144	1512689	244536437
2	map-not-null-1024-100-reuse-list	untraced	5	262144	1476269	253583922
2	map-not-null-1024-100-reuse-objects	untraced	5	262144	2211598	265349103
2	map-not-null-1024-100-reuse-objects	untraced	6	262144	2206528	265818189
2	map-not-null-1024-100-reuse-list	untraced	6	262144	1489429	253553462
2	map-not-null-1024-100-fresh	untraced	6	262144	1487399	243478923
2	map-not-null-1024-100-fresh	untraced	7	262144	1498789	242289868
2	map-not-null-1024-100-reuse-list	untraced	7	262144	1488889	253487351
2	map-not-null-1024-100-reuse-objects	untraced	7	262144	2229208	269495276
3	map-not-null-1024-100-fresh	untraced	1	262144	1512719	248604782
3	map-not-null-1024-100-reuse-list	untraced	1	262144	1509389	255554811
3	map-not-null-1024-100-reuse-objects	untraced	1	262144	2230388	266009084
3	map-not-null-1024-100-reuse-objects	untraced	2	262144	2291230	271275190
3	map-not-null-1024-100-reuse-list	untraced	2	262144	1492239	253830387
3	map-not-null-1024-100-fresh	untraced	2	262144	1515769	245087617
3	map-not-null-1024-100-fresh	untraced	3	262144	1610611	248816654
3	map-not-null-1024-100-reuse-list	untraced	3	262144	1535460	256777525
3	map-not-null-1024-100-reuse-objects	untraced	3	262144	2233698	265650928
3	map-not-null-1024-100-reuse-objects	untraced	4	262144	2261299	272170742
3	map-not-null-1024-100-reuse-list	untraced	4	262144	1506319	252800384
3	map-not-null-1024-100-fresh	untraced	4	262144	1506359	242028277
3	map-not-null-1024-100-fresh	untraced	5	262144	1492669	246706926
3	map-not-null-1024-100-reuse-list	untraced	5	262144	1515479	253632165
3	map-not-null-1024-100-reuse-objects	untraced	5	262144	2235909	266782183
3	map-not-null-1024-100-reuse-objects	untraced	6	262144	2238598	270164986
3	map-not-null-1024-100-reuse-list	untraced	6	262144	1507459	254344914
3	map-not-null-1024-100-fresh	untraced	6	262144	1491419	242556304
3	map-not-null-1024-100-fresh	untraced	7	262144	1507879	247318404
3	map-not-null-1024-100-reuse-list	untraced	7	262144	1509109	255338376
3	map-not-null-1024-100-reuse-objects	untraced	7	262144	2228238	266666521
