source	original_sha256	archived_sha256
collection-reuse/map-not-null-1024-100-fresh.kt	7efa4c4b45e156fab91f8e85639ca4591c76d79c83386b7960da5121f0d3e1f6	6ecce762f4b15681b251a42d7cbb29d56e280e356052c0018d67a35311eb2337
collection-reuse/map-not-null-1024-100-reuse-list.kt	bf7bf02b2c25fc4854c42f30b6c5d055bef8aa2931cbde3093248d919aa8edd4	c8e5c7a207f6de2d44d2d8bbbf4ce55cbc65e09b7acd68d19b098b3b4f903d42
collection-reuse/map-not-null-1024-100-reuse-objects.kt	7ec8d9e8f5c2c9c5a9bf9ca5493c0fb9a2c9bdd039e854741ef0ac03aa1811b3	7ec8d9e8f5c2c9c5a9bf9ca5493c0fb9a2c9bdd039e854741ef0ac03aa1811b3
transient-allocations/fold-256-300.kt	cfd0928c86da6717938e267320f837983b014545791f48cd7baae259bb651287	c5abef6954d91217d3cb64a56550f12c368b70670a9e12c5aace2aef20c7cae3
transient-allocations/fold-prebuilt-256-300.kt	819ec8124f1039ba2cc1c1892ca8ead531a9a8c62363975f94224c1db735636b	819ec8124f1039ba2cc1c1892ca8ead531a9a8c62363975f94224c1db735636b
transient-allocations/fold-read-var-256-300.kt	5a5d75084fb0c87d4da37d4550c6ae1050c72a71116074fa64c59a7ba8926c2b	7a5db36e66510f5073b9fce9e30c46e12d7abc24b39c723199911cbc98c2f1f8
transient-allocations/fold-ref-256-300.kt	38b5c80324eec4cf7de3843a669f21a1ec3de803e858578236b0a3b2f6451537	38b5c80324eec4cf7de3843a669f21a1ec3de803e858578236b0a3b2f6451537
transient-allocations/fold-val-256-300.kt	0be5e1ea472903950c81c4c8022229bf7728c5c7c9c276755f93f33076fbed95	719a5dfc82fe4df6e3fadc8622d6a7a4e99f639014caaa10d51e2654b5d69070
transient-allocations/fold-write-var-256-300.kt	508fd6f5b0242ae67a9b5f9e5c8f70d9c340f93f7f671ec4729a04099c9d1b14	508fd6f5b0242ae67a9b5f9e5c8f70d9c340f93f7f671ec4729a04099c9d1b14
transient-allocations/for-list-256-300.kt	31071590ef1a68c2ca7bcf72f7df99395ffb0a34d6095c7c9702fdd52071e8c8	09385099b9a2772561ad003329217c57df49517766c0bd43d9c76f15fd8a7c4d
transient-allocations/while-indexed-256-300.kt	956edbff833777e11b47604a2d0ba198b0517172ecac934d973ae1fa93d21152	850999a0e6ef3445d4a87d1ee76dcc4289198f7bf248f62623369e5b39783e2d
