id	representation	workload	count	rounds	checksum	artifact_bytes	types	functions
indexed-1024-scalar	scalar	indexed	1024	8	12382208	112896	108	80
indexed-1024-boxed	boxed	indexed	1024	8	12382208	101944	86	64
indexed-1024-bridge	bridge	indexed	1024	8	12382208	113968	110	80
iteration-1024-scalar	scalar	iteration	1024	8	12382208	112712	108	80
iteration-1024-boxed	boxed	iteration	1024	8	12382208	102200	87	64
iteration-1024-bridge	bridge	iteration	1024	8	12382208	114168	111	80
update-1024-scalar	scalar	update	1024	8	12419072	113424	108	80
update-1024-boxed	boxed	update	1024	8	12419072	102824	86	64
update-1024-bridge	bridge	update	1024	8	12419072	114504	110	80
pipeline-1024-scalar	scalar	pipeline	1024	8	6197248	120712	108	80
pipeline-1024-boxed	boxed	pipeline	1024	8	6197248	111048	87	64
pipeline-1024-bridge	bridge	pipeline	1024	8	6197248	122800	112	80
search-1024-scalar	scalar	search	1024	8	8176	112304	108	80
search-1024-boxed	boxed	search	1024	8	8176	102064	87	64
search-1024-bridge	bridge	search	1024	8	8176	113176	109	80
indexed-4096-scalar	scalar	indexed	4096	8	99860480	112896	108	80
indexed-4096-boxed	boxed	indexed	4096	8	99860480	101944	86	64
indexed-4096-bridge	bridge	indexed	4096	8	99860480	113968	110	80
iteration-4096-scalar	scalar	iteration	4096	8	99860480	112712	108	80
iteration-4096-boxed	boxed	iteration	4096	8	99860480	102200	87	64
iteration-4096-bridge	bridge	iteration	4096	8	99860480	114168	111	80
update-4096-scalar	scalar	update	4096	8	100007936	113424	108	80
update-4096-boxed	boxed	update	4096	8	100007936	102824	86	64
update-4096-bridge	bridge	update	4096	8	100007936	114504	110	80
pipeline-4096-scalar	scalar	pipeline	4096	8	49954816	120712	108	80
pipeline-4096-boxed	boxed	pipeline	4096	8	49954816	111048	87	64
pipeline-4096-bridge	bridge	pipeline	4096	8	49954816	122800	112	80
search-4096-scalar	scalar	search	4096	8	32752	112304	108	80
search-4096-boxed	boxed	search	4096	8	32752	102064	87	64
search-4096-bridge	bridge	search	4096	8	32752	113176	109	80
