id	sample	create_ns	hot_ns
indexed-1024-scalar	0	9839610	27644640
indexed-1024-boxed	0	16008302	29506827
indexed-1024-bridge	0	10281599	39509266
iteration-1024-scalar	0	10313358	52873151
iteration-1024-boxed	0	15182643	57622935
iteration-1024-bridge	0	11043758	74765486
update-1024-scalar	0	10041429	64192037
update-1024-boxed	0	12026417	74335246
update-1024-bridge	0	10523408	76227224
pipeline-1024-scalar	0	11422817	309799642
pipeline-1024-boxed	0	13706655	346337200
pipeline-1024-bridge	0	13218066	372867660
search-1024-scalar	0	9773849	84600965
search-1024-boxed	0	11837117	127303397
search-1024-bridge	0	10741078	187045750
indexed-4096-scalar	0	39227805	108262339
indexed-4096-boxed	0	47241897	116246999
indexed-4096-bridge	0	40795394	156681944
iteration-4096-scalar	0	41629254	211840461
iteration-4096-boxed	0	48319976	232202319
iteration-4096-bridge	0	43051882	299899823
update-4096-scalar	0	40158045	252300746
update-4096-boxed	0	48563295	303949489
update-4096-bridge	0	42502022	305121617
pipeline-4096-scalar	0	46463448	1246167728
pipeline-4096-boxed	0	54238819	1381299657
pipeline-4096-bridge	0	53085700	1496738277
search-4096-scalar	0	39792336	338215239
search-4096-boxed	0	47084527	498583419
search-4096-bridge	0	41823323	744647262
search-4096-bridge	1	41202134	737438560
search-4096-boxed	1	46560958	497764140
search-4096-scalar	1	39390056	343108244
pipeline-4096-bridge	1	59558013	1628999277
pipeline-4096-boxed	1	58727584	1483366901
pipeline-4096-scalar	1	48474075	1342812339
update-4096-bridge	1	45405189	335352343
update-4096-boxed	1	51601642	329724049
update-4096-scalar	1	45338689	274094821
iteration-4096-bridge	1	45932148	328963620
iteration-4096-boxed	1	53290750	247837301
iteration-4096-scalar	1	42948032	226242805
indexed-4096-bridge	1	41460734	166116253
indexed-4096-boxed	1	52247341	132663101
indexed-4096-scalar	1	45208619	114835951
search-1024-bridge	1	10765048	197366448
search-1024-boxed	1	12595046	128039245
search-1024-scalar	1	9892328	96408622
pipeline-1024-bridge	1	14465324	402316667
pipeline-1024-boxed	1	14234964	354821500
pipeline-1024-scalar	1	11375997	305980066
update-1024-bridge	1	10226938	75538285
update-1024-boxed	1	11772776	72937718
update-1024-scalar	1	9865969	61810250
iteration-1024-bridge	1	10571718	73565338
iteration-1024-boxed	1	12046076	56087767
iteration-1024-scalar	1	10027578	52327081
indexed-1024-bridge	1	10099128	38694517
indexed-1024-boxed	1	11577947	28906228
indexed-1024-scalar	1	9771289	27093840
indexed-1024-scalar	2	9764229	27097620
indexed-1024-boxed	2	11556007	28974997
indexed-1024-bridge	2	10055039	38547836
iteration-1024-scalar	2	10011528	51873282
iteration-1024-boxed	2	12037667	55968937
iteration-1024-bridge	2	10650528	73461877
update-1024-scalar	2	9906989	61890970
update-1024-boxed	2	11846807	73258607
update-1024-bridge	2	10317738	75512005
pipeline-1024-scalar	2	11277408	304523877
pipeline-1024-boxed	2	13541285	337478200
pipeline-1024-bridge	2	12834096	368238205
search-1024-scalar	2	9724069	83720246
search-1024-boxed	2	11493507	120673334
search-1024-bridge	2	10026659	179845628
indexed-4096-scalar	2	38752366	106454300
indexed-4096-boxed	2	45689358	114384951
indexed-4096-bridge	2	39888025	153296577
iteration-4096-scalar	2	39911425	206729417
iteration-4096-boxed	2	47735506	223986148
iteration-4096-bridge	2	42576632	293724769
update-4096-scalar	2	39403336	246375952
update-4096-boxed	2	46965587	290432343
update-4096-bridge	2	40720834	301292411
pipeline-4096-scalar	2	45023159	1208036420
pipeline-4096-boxed	2	53661130	1335850645
pipeline-4096-bridge	2	51190352	1457943928
search-4096-scalar	2	38432267	339829557
search-4096-boxed	2	45840119	482916416
search-4096-bridge	2	39851575	715930654
search-4096-bridge	3	39864395	713499026
search-4096-boxed	3	45326439	480861018
search-4096-scalar	3	38501206	333026365
pipeline-4096-bridge	3	50712463	1443366624
pipeline-4096-boxed	3	53106061	1324353617
pipeline-4096-scalar	3	44331970	1191346308
update-4096-bridge	3	40195815	296329446
update-4096-boxed	3	46493598	288560455
update-4096-scalar	3	39094206	243857635
iteration-4096-bridge	3	41542174	288070605
iteration-4096-boxed	3	48558576	222219699
iteration-4096-scalar	3	39413226	205008939
indexed-4096-bridge	3	39491426	151580119
indexed-4096-boxed	3	45187249	113307152
indexed-4096-scalar	3	38349757	105858970
search-1024-bridge	3	9918359	178675039
search-1024-boxed	3	11345047	119806946
search-1024-scalar	3	9596429	83146626
pipeline-1024-bridge	3	12693315	362253342
pipeline-1024-boxed	3	13430355	333216365
pipeline-1024-scalar	3	11244567	300454881
update-1024-bridge	3	10139528	74752146
update-1024-boxed	3	11726347	72224559
update-1024-scalar	3	9834569	61093051
iteration-1024-bridge	3	10472559	72326378
iteration-1024-boxed	3	11907737	55631917
iteration-1024-scalar	3	9927759	51359472
indexed-1024-bridge	3	9910009	38086787
indexed-1024-boxed	3	11374928	28204848
indexed-1024-scalar	3	9604149	26346231
indexed-1024-scalar	4	9637719	26388630
indexed-1024-boxed	4	11354097	28164808
indexed-1024-bridge	4	9889829	38055617
iteration-1024-scalar	4	9893319	51038172
iteration-1024-boxed	4	11926007	55464687
iteration-1024-bridge	4	10405939	71811539
update-1024-scalar	4	9789889	61543561
update-1024-boxed	4	11767387	72422448
update-1024-bridge	4	10129499	74714596
pipeline-1024-scalar	4	11254117	301615360
pipeline-1024-boxed	4	13479714	332962985
pipeline-1024-bridge	4	12625866	361037173
search-1024-scalar	4	9608749	82854207
search-1024-boxed	4	11352108	119466225
search-1024-bridge	4	9925029	177913039
indexed-4096-scalar	4	38313277	105499911
indexed-4096-boxed	4	45214419	112650613
indexed-4096-bridge	4	39586296	151857568
iteration-4096-scalar	4	39438005	204543660
iteration-4096-boxed	4	47507436	221315171
iteration-4096-bridge	4	41564063	287717776
update-4096-scalar	4	39305686	244332204
update-4096-boxed	4	46450967	287791396
update-4096-bridge	4	41098434	297544474
pipeline-4096-scalar	4	44516189	1196942121
pipeline-4096-boxed	4	53443190	1326134514
pipeline-4096-bridge	4	50476033	1442067374
search-4096-scalar	4	38418807	332497384
search-4096-boxed	4	45358879	477732061
search-4096-bridge	4	39618535	713148806
search-4096-bridge	5	39509916	713815815
search-4096-boxed	5	45499489	479365489
search-4096-scalar	5	38408657	331821206
pipeline-4096-bridge	5	50657333	1445474019
pipeline-4096-boxed	5	53298219	1325700755
pipeline-4096-scalar	5	44312550	1189786158
update-4096-bridge	5	40167555	296035966
update-4096-boxed	5	46231318	286455147
update-4096-scalar	5	38873506	243603695
iteration-4096-bridge	5	41544064	287665645
iteration-4096-boxed	5	47221557	220507011
iteration-4096-scalar	5	39396355	204062780
indexed-4096-bridge	5	39770075	151891309
indexed-4096-boxed	5	45183179	112544083
indexed-4096-scalar	5	38265496	105118522
search-1024-bridge	5	9910219	178582538
search-1024-boxed	5	11324247	119423815
search-1024-scalar	5	9588039	82805187
pipeline-1024-bridge	5	12581396	361115913
pipeline-1024-boxed	5	13291405	332838194
pipeline-1024-scalar	5	11190838	300549451
update-1024-bridge	5	10129849	74265986
update-1024-boxed	5	11601747	71940699
update-1024-scalar	5	9727609	60833172
iteration-1024-bridge	5	10379778	72289369
iteration-1024-boxed	5	11825907	55162537
iteration-1024-scalar	5	9816519	51128212
indexed-1024-bridge	5	9974149	38041357
indexed-1024-boxed	5	11323447	28163278
indexed-1024-scalar	5	9593289	26295780
indexed-1024-scalar	6	9595559	26326830
indexed-1024-boxed	6	11314357	28174229
indexed-1024-bridge	6	9892949	37766487
iteration-1024-scalar	6	9882789	51037572
iteration-1024-boxed	6	11857306	55146028
iteration-1024-bridge	6	10399508	71928659
update-1024-scalar	6	9757749	60779392
update-1024-boxed	6	11629577	71898399
update-1024-bridge	6	10196059	74946225
pipeline-1024-scalar	6	11179617	300975650
pipeline-1024-boxed	6	13466965	336585610
pipeline-1024-bridge	6	12811306	363736969
search-1024-scalar	6	9638630	83098456
search-1024-boxed	6	11361067	119562015
search-1024-bridge	6	9908099	179247577
indexed-4096-scalar	6	38306296	105081432
indexed-4096-boxed	6	45184659	112789563
indexed-4096-bridge	6	40054535	152906507
iteration-4096-scalar	6	39689916	205186078
iteration-4096-boxed	6	47546716	221272220
iteration-4096-bridge	6	42060993	288779754
update-4096-scalar	6	39091476	244048475
update-4096-boxed	6	46562968	287950945
update-4096-bridge	6	40393704	298311823
pipeline-4096-scalar	6	44743189	1199854366
pipeline-4096-boxed	6	53557430	1328047720
pipeline-4096-bridge	6	50685652	1446233797
search-4096-scalar	6	38553056	331868506
search-4096-boxed	6	45585158	481356947
search-4096-bridge	6	39578156	712718265
