id	representation	workload	count	fields	rounds	checksum	artifact_bytes	types	functions	minimum_ready_heap_bytes	minimum_operation_heap_bytes	create_median_ns	hot_p10_ns	hot_median_ns	hot_p90_ns	create_instructions	create_fixed_units	create_dynamic_units	create_maintenance_units	hot_instructions	hot_fixed_units	hot_dynamic_units	hot_maintenance_units	pressure_status	pressure_hot_ns	pressure_hot_maintenance_units	timing_heap_bytes
indexed-1024-2fields-objects	objects	indexed	1024	2	2	9289728	12000	6	2	28736	28736	4020900	5909729	5923940	6040605	23571	36906	1285	0	52454	70958	9	0	ok	5858259	0	16777216
indexed-1024-2fields-packed	packed	indexed	1024	2	2	9289728	11528	3	1	8736	8736	1779168	5255812	5356058	5400248	17431	19505	518	0	40166	46382	9	0	ok	5332305	0	16777216
update-1024-2fields-objects	objects	update	1024	2	2	9294848	15464	7	2	28736	28736	5090752	8058306	8145770	8385983	23575	36912	1285	0	68878	99686	9	0	ok	8244498	0	16777216
update-1024-2fields-packed	packed	update	1024	2	2	9294848	11720	3	1	8736	8736	1887303	5597928	5630383	5715252	17431	19505	518	0	48358	58670	9	0	ok	5775997	0	16777216
shallow-1024-2fields-objects	objects	shallow	1024	2	2	9289728	15088	7	2	28736	33312	4641471	11418295	11436702	11681092	23571	36906	1285	0	70932	93554	523	0	ok	11719862	0	16777216
deep-1024-2fields-objects	objects	deep	1024	2	2	9291776	15752	7	2	28736	57408	5278102	18978949	19107132	19249205	23571	36906	1285	0	99608	157046	2571	0	ok	19140247	0	16777216
deep-1024-2fields-packed	packed	deep	1024	2	2	9291776	13040	3	1	8736	17008	2188066	10856418	11090848	11222114	17431	19505	518	0	66818	81238	1037	0	ok	11282349	0	16777216
pipeline-1024-2fields-objects	objects	pipeline	1024	2	2	6193152	17488	7	2	28736	59728	6352220	22770212	22774738	22841602	23571	36906	1285	0	93504	147884	2829	0	ok	22843027	0	16777216
pipeline-1024-2fields-packed	packed	pipeline	1024	2	2	6193152	14744	3	1	8736	20896	2536563	13146219	13288954	13332851	17431	19505	518	0	68894	87422	1553	0	ok	13664265	0	16777216
indexed-1024-3fields-objects	objects	indexed	1024	3	2	13939200	12712	6	2	28736	28736	4602362	7160983	7217681	7246023	28691	44074	1285	0	67835	95563	11	0	ok	7174367	0	16777216
indexed-1024-3fields-packed	packed	indexed	1024	3	2	13939200	12584	3	1	12848	12848	2210828	6385714	6458257	6537494	22555	25656	775	0	49403	58699	11	0	ok	6569140	0	16777216
update-1024-3fields-objects	objects	update	1024	3	2	13944320	16200	7	2	28736	28736	5849204	9567821	9577705	9696453	28695	44080	1285	0	84259	124291	11	0	ok	9624644	0	16777216
update-1024-3fields-packed	packed	update	1024	3	2	13944320	12784	3	1	12848	12848	2316570	6712504	6816917	6920623	22555	25656	775	0	57595	70987	11	0	ok	6936541	0	16777216
shallow-1024-3fields-objects	objects	shallow	1024	3	2	13939200	15824	7	2	28736	33312	5413279	13215933	13530299	13580657	28691	44074	1285	0	86313	118159	525	0	ok	13477172	0	16777216
deep-1024-3fields-objects	objects	deep	1024	3	2	13941248	16656	7	2	28736	57408	6298625	22191756	22535953	23394476	28691	44074	1285	0	123181	200083	2573	0	ok	22315388	0	16777216
deep-1024-3fields-packed	packed	deep	1024	3	2	13941248	14736	3	1	12848	25248	2672594	13477958	13594572	13827155	22555	25656	775	0	80159	101761	1553	0	ok	13437419	0	16777216
pipeline-1024-3fields-objects	objects	pipeline	1024	3	2	9292288	18392	7	2	28736	59728	7333413	26080733	26277447	26346541	28691	44074	1285	0	111936	182700	2829	0	ok	26129204	0	16777216
pipeline-1024-3fields-packed	packed	pipeline	1024	3	2	9292288	17336	3	1	12848	31200	3292859	16753469	16858857	16889259	22555	25656	775	0	83246	111002	2325	0	ok	16473559	0	16777216
indexed-4096-2fields-objects	objects	indexed	4096	2	2	74907648	12000	6	2	114752	114752	15813670	23646269	23892087	24809500	94227	147498	5125	0	209147	282955	11	0	ok	23070268	0	16777216
indexed-4096-2fields-packed	packed	indexed	4096	2	2	74907648	11528	3	1	34848	34848	7262836	20597883	21242392	21260094	69655	77873	2054	0	159995	184651	11	0	ok	20929381	0	16777216
update-4096-2fields-objects	objects	update	4096	2	2	74928128	15464	7	2	114752	114752	20718357	31986813	32484132	32499580	94231	147504	5125	0	274723	397699	11	0	ok	31976381	0	16777216
update-4096-2fields-packed	packed	update	4096	2	2	74928128	11720	3	1	34848	34848	7428144	22360578	22582732	22884087	69655	77873	2054	0	192763	233803	11	0	ok	22472805	0	16777216
shallow-4096-2fields-objects	objects	shallow	4096	2	2	74907648	15088	7	2	114752	133152	18828551	45768320	45853323	46165206	94227	147498	5125	0	282921	373135	2061	0	ok	46207885	0	16777216
deep-4096-2fields-objects	objects	deep	4096	2	2	74915840	15752	7	2	114752	229440	21346099	75569988	75630045	76129951	94227	147498	5125	0	397613	627091	10253	0	ok	77995535	21847	16777216
deep-4096-2fields-packed	packed	deep	4096	2	2	74915840	13040	3	1	34848	67696	8653120	43443218	44270902	44742446	69655	77873	2054	0	266519	323955	4111	0	ok	43494918	0	16777216
pipeline-4096-2fields-objects	objects	pipeline	4096	2	2	49938432	17488	7	2	114752	238672	25749558	89411457	89855001	91035000	94227	147498	5125	0	373077	590281	11279	0	ok	92779453	21164	16777216
pipeline-4096-2fields-packed	packed	pipeline	4096	2	2	49938432	14744	3	1	34848	83104	10104078	52190827	52344739	53737242	69655	77873	2054	0	274739	348571	6163	0	ok	53501236	0	16777216
indexed-4096-3fields-objects	objects	indexed	4096	3	2	112379904	12712	6	2	114752	114752	18542833	28719134	28774938	29829871	114707	176170	5125	0	270608	381288	12	0	ok	29125492	0	16777216
indexed-4096-3fields-packed	packed	indexed	4096	3	2	112379904	12584	3	1	51248	51248	8964117	25567203	25704455	25805635	90139	102456	3079	0	196880	233832	12	0	ok	25799465	0	16777216
update-4096-3fields-objects	objects	update	4096	3	2	112400384	16200	7	2	114752	114752	24255078	37911571	38086807	39179421	114711	176176	5125	0	336184	496032	12	0	ok	38054397	0	16777216
update-4096-3fields-packed	packed	update	4096	3	2	112400384	12784	3	1	51248	51248	9198876	27310338	27421146	29364243	90139	102456	3079	0	229648	282984	12	0	ok	27123419	0	16777216
shallow-4096-3fields-objects	objects	shallow	4096	3	2	112379904	15824	7	2	114752	133152	22437567	53309539	53333200	56580546	114707	176170	5125	0	344382	471468	2062	0	ok	53264248	0	16777216
deep-4096-3fields-objects	objects	deep	4096	3	2	112388096	16656	7	2	114752	229440	24810907	89295249	89956854	91857674	114707	176170	5125	0	491842	799152	10254	0	ok	89281028	21847	16777216
deep-4096-3fields-packed	packed	deep	4096	3	2	112388096	14736	3	1	51248	100512	10491178	53277323	54120778	54638893	90139	102456	3079	0	319796	405918	6162	0	ok	54204135	0	16777216
pipeline-4096-3fields-objects	objects	pipeline	4096	3	2	74917888	18392	7	2	114752	238672	29339901	102875223	103061356	103114999	114707	176170	5125	0	446805	729545	11279	0	ok	104291868	21164	16777216
pipeline-4096-3fields-packed	packed	pipeline	4096	3	2	74917888	17336	3	1	51248	124128	12994632	66560804	66858249	67291613	90139	102456	3079	0	332099	442807	9239	0	ok	69913404	0	16777216
