id	representation	workload	count	fields	rounds	checksum	artifact_bytes	types	functions	minimum_ready_heap_bytes	minimum_operation_heap_bytes	create_median_ns	hot_p10_ns	hot_median_ns	hot_p90_ns	create_instructions	create_fixed_units	create_dynamic_units	create_maintenance_units	hot_instructions	hot_fixed_units	hot_dynamic_units	hot_maintenance_units	pressure_status	pressure_hot_ns	pressure_hot_maintenance_units
indexed-1024-2fields-objects	objects	indexed	1024	2	2	9289728	12000	6	2	28736	28736	4173395	6105851	6305564	6744635	23571	36906	1284	0	52454	70958	7	0	ok	6249108	0
indexed-1024-2fields-packed	packed	indexed	1024	2	2	9289728	11528	3	1	8736	8736	1899308	5510808	5554075	5927534	17431	19505	517	0	40166	46382	7	0	ok	5591541	0
update-1024-2fields-objects	objects	update	1024	2	2	9294848	15464	7	2	28736	28736	5333435	8316983	8555311	9411958	23575	36912	1284	0	68878	99686	7	0	ok	8521362	0
update-1024-2fields-packed	packed	update	1024	2	2	9294848	11720	3	1	8736	8736	1947276	5982315	6015719	6773021	17431	19505	517	0	48358	58670	7	0	ok	6106103	0
shallow-1024-2fields-objects	objects	shallow	1024	2	2	9289728	15088	7	2	28736	33312	4959479	12120376	12125445	13783658	23571	36906	1284	0	70932	93554	521	0	ok	12102534	0
deep-1024-2fields-objects	objects	deep	1024	2	2	9291776	15752	7	2	28736	57408	5577809	19958829	20014101	22819885	23571	36906	1284	0	99608	157046	2569	0	ok	19919023	0
deep-1024-2fields-packed	packed	deep	1024	2	2	9291776	13040	3	1	8736	17008	2367965	11771540	11788854	13633317	17431	19505	517	0	66818	81238	1035	0	ok	11932646	0
pipeline-1024-2fields-objects	objects	pipeline	1024	2	2	6193152	17488	7	2	28736	59728	6539667	23756018	23766125	27460517	23571	36906	1284	0	93504	147884	2827	0	ok	23672244	0
pipeline-1024-2fields-packed	packed	pipeline	1024	2	2	6193152	14744	3	1	8736	20896	2699273	13762047	14208067	16319240	17431	19505	517	0	68894	87422	1551	0	ok	14150273	0
indexed-1024-3fields-objects	objects	indexed	1024	3	2	13939200	12712	6	2	36928	36928	4815487	7458272	7659612	8628999	28691	44074	1284	0	67835	95563	10	0	ok	7450995	0
indexed-1024-3fields-packed	packed	indexed	1024	3	2	13939200	12584	3	1	12848	12848	2379735	6686044	6730797	7813147	22555	25656	774	0	49403	58699	10	0	ok	6861255	0
update-1024-3fields-objects	objects	update	1024	3	2	13944320	16200	7	2	36928	36928	6200603	9928191	9963761	11778329	28695	44080	1284	0	84259	124291	10	0	ok	10255076	0
update-1024-3fields-packed	packed	update	1024	3	2	13944320	12784	3	1	12848	12848	2473740	7142214	7183751	8503561	22555	25656	774	0	57595	70987	10	0	ok	7310378	0
shallow-1024-3fields-objects	objects	shallow	1024	3	2	13939200	15824	7	2	36928	41504	5724064	14023759	14082272	16901586	28691	44074	1284	0	86313	118159	524	0	ok	13968494	0
deep-1024-3fields-objects	objects	deep	1024	3	2	13941248	16656	7	2	36928	73776	6451618	23262488	23739345	27101120	28691	44074	1284	0	123181	200083	2572	0	ok	23630783	0
deep-1024-3fields-packed	packed	deep	1024	3	2	13941248	14736	3	1	12848	25248	2804174	13771390	14350529	14492964	22555	25656	774	0	80159	101761	1552	0	ok	14305527	0
pipeline-1024-3fields-objects	objects	pipeline	1024	3	2	9292288	18392	7	2	36928	76112	7496581	26610162	27073656	27158072	28691	44074	1284	0	111936	182700	2827	0	ok	27183607	0
pipeline-1024-3fields-packed	packed	pipeline	1024	3	2	9292288	17336	3	1	12848	31200	3436940	17110257	17508024	17674308	22555	25656	774	0	83246	111002	2323	0	ok	17557999	0
indexed-4096-2fields-objects	objects	indexed	4096	2	2	74907648	12000	6	2	114752	114752	16247532	24087946	24644533	24675626	94227	147498	5124	0	209147	282955	10	0	ok	24398577	0
indexed-4096-2fields-packed	packed	indexed	4096	2	2	74907648	11528	3	1	34848	34848	7470223	21609285	21892974	21959548	69655	77873	2053	0	159995	184651	10	0	ok	22129933	0
update-4096-2fields-objects	objects	update	4096	2	2	74928128	15464	7	2	114752	114752	21413117	33762078	33790187	33855847	94231	147504	5124	0	274723	397699	10	0	ok	34447566	0
update-4096-2fields-packed	packed	update	4096	2	2	74928128	11720	3	1	34848	34848	7802527	23351982	23628598	23745387	69655	77873	2053	0	192763	233803	10	0	ok	23968248	0
shallow-4096-2fields-objects	objects	shallow	4096	2	2	74907648	15088	7	2	114752	133152	19469734	47662296	47964168	48233027	94227	147498	5124	0	282921	373135	2060	0	ok	50478211	0
deep-4096-2fields-objects	objects	deep	4096	2	2	74915840	15752	7	2	114752	229440	22157285	78991560	79244739	79434278	94227	147498	5124	0	397613	627091	10252	0	ok	80919223	21847
deep-4096-2fields-packed	packed	deep	4096	2	2	74915840	13040	3	1	34848	67696	9121148	46078719	46424763	46431582	69655	77873	2053	0	266519	323955	4110	0	ok	46716547	0
pipeline-4096-2fields-objects	objects	pipeline	4096	2	2	49938432	17488	7	2	114752	238672	26538101	93757510	94119237	94612619	94227	147498	5124	0	373077	590281	11278	0	ok	94772023	21164
pipeline-4096-2fields-packed	packed	pipeline	4096	2	2	49938432	14744	3	1	34848	83104	10545888	54582849	54838354	54962840	69655	77873	2053	0	274739	348571	6162	0	ok	55602320	0
indexed-4096-3fields-objects	objects	indexed	4096	3	2	112379904	12712	6	2	147520	147520	19300501	29820756	30100663	30126030	114707	176170	5124	0	270608	381288	12	0	ok	30255024	0
indexed-4096-3fields-packed	packed	indexed	4096	3	2	112379904	12584	3	1	51248	51248	9381218	26528892	26580431	26871128	90139	102456	3078	0	196880	233832	12	0	ok	26983598	0
update-4096-3fields-objects	objects	update	4096	3	2	112400384	16200	7	2	147520	147520	24817126	39393109	39425752	39622371	114711	176176	5124	0	336184	496032	12	0	ok	40001277	0
update-4096-3fields-packed	packed	update	4096	3	2	112400384	12784	3	1	51248	51248	9734299	28271051	28622248	28850663	90139	102456	3078	0	229648	282984	12	0	ok	29104153	0
shallow-4096-3fields-objects	objects	shallow	4096	3	2	112379904	15824	7	2	147520	165920	22661866	55358464	55450568	56054972	114707	176170	5124	0	344382	471468	2062	0	ok	55831549	0
deep-4096-3fields-objects	objects	deep	4096	3	2	112388096	16656	7	2	147520	294960	25691929	92512899	93347843	93639698	114707	176170	5124	0	491842	799152	10254	0	operation-exhausted	0	0
deep-4096-3fields-packed	packed	deep	4096	3	2	112388096	14736	3	1	51248	100512	10990510	56229376	56293667	56594507	90139	102456	3078	0	319796	405918	6162	0	ok	57419375	0
pipeline-4096-3fields-objects	objects	pipeline	4096	3	2	74917888	18392	7	2	147520	304208	30404905	107925216	107984296	108139438	114707	176170	5124	0	446805	729545	11278	0	operation-exhausted	0	0
pipeline-4096-3fields-packed	packed	pipeline	4096	3	2	74917888	17336	3	1	51248	124128	13704786	69025781	69186686	69760597	90139	102456	3078	0	332099	442807	9238	0	ok	69725131	0
