id	representation	workload	count	fields	rounds	checksum	artifact_bytes	types	functions	minimum_ready_heap_bytes	minimum_operation_heap_bytes	create_median_ns	hot_p10_ns	hot_median_ns	hot_p90_ns	create_instructions	create_fixed_units	create_dynamic_units	create_maintenance_units	hot_instructions	hot_fixed_units	hot_dynamic_units	hot_maintenance_units	pressure_status	pressure_hot_ns	pressure_hot_maintenance_units	timing_heap_bytes	pressure_heap_bytes
indexed-4096-list-sized	list-sized	indexed	4096	2	1	49938432	53080	125	98	114784	114784	141979732	144526590	144882698	183508397	360489	766048	5127	0	491751	1012034	11	0	ok	156042193	0	16777216	262144
map-4096-list-sized	list-sized	map	4096	2	1	49942528	55560	125	98	114784	229552	200682430	520092643	566466887	635896014	360489	766054	5127	0	1065314	2245186	5135	0	ok	521781307	0	16777216	262144
filter-none-4096-list-sized	list-sized	filter-none	4096	2	1	24969216	55104	125	98	114784	114896	218403672	205548249	215281328	250144357	360489	766048	5127	0	508206	1012186	17	0	ok	214974889	0	16777216	262144
filter-all-4096-list-sized	list-sized	filter-all	4096	2	1	49938432	55344	125	98	114784	151248	188143967	532699931	572106016	638742404	360489	766048	5127	0	1158567	2341005	3889	0	ok	550267919	0	16777216	262144
pipeline-4096-list-sized	list-sized	pipeline	4096	2	1	37453824	57688	125	98	114784	245056	235420743	881667334	884014113	1016123399	360489	766054	5127	0	1416992	2929183	6860	0	ok	918257264	0	16777216	262144
map-not-null-4096-list-sized	list-sized	map-not-null	4096	2	1	37453824	56912	125	98	114784	215968	219545561	474607186	484579482	564845178	360489	766048	5127	0	927455	1837461	5832	0	ok	495876997	0	16777216	262144
map-not-null-selective-4096-list-sized	list-sized	map-not-null-selective	4096	2	1	37453824	56848	125	98	114784	179280	247760432	497280352	499273824	507233089	360489	766048	5127	0	902879	1786261	3784	0	ok	476960973	0	16777216	262144
indexed-4096-list-growing	list-growing	indexed	4096	2	1	49938432	53088	125	98	146672	146672	174922760	145878210	147096701	163463631	474228	931507	7977	0	491751	1012034	11	0	ok	150642438	0	16777216	262144
map-4096-list-growing	list-growing	map	4096	2	1	49942528	55568	125	98	146672	233968	237033364	525222987	525446728	529950708	474228	931513	7977	0	1065314	2245186	5135	0	ok	617038233	24587	16777216	262144
filter-none-4096-list-growing	list-growing	filter-none	4096	2	1	24969216	55104	125	98	146672	146672	226861608	206319995	206903044	217149420	474228	931507	7977	0	508206	1012186	17	0	ok	247558387	0	16777216	262144
filter-all-4096-list-growing	list-growing	filter-all	4096	2	1	49938432	55344	125	98	146672	196992	255676856	530297811	548747112	625220535	474228	931507	7977	0	1158567	2341005	3889	0	ok	612145748	0	16777216	262144
pipeline-4096-list-growing	list-growing	pipeline	4096	2	1	37453824	57688	125	98	146672	275248	290876877	885150316	957655644	1039024486	474228	931513	7977	0	1416992	2929183	6860	0	operation-exhausted	0	0	16777216	262144
map-not-null-4096-list-growing	list-growing	map-not-null	4096	2	1	37453824	56912	125	98	146672	199568	267721465	482795096	491286863	551324312	474228	931507	7977	0	927455	1837461	5832	0	ok	520525147	20321	16777216	262144
map-not-null-selective-4096-list-growing	list-growing	map-not-null-selective	4096	2	1	37453824	56848	125	98	146672	179808	267021952	465999725	481663076	499622320	474228	931507	7977	0	902879	1786261	3784	0	ok	564680518	0	16777216	262144
