id	sample	create_ns	hot_ns	timing_heap_bytes
while-indexed-256-300	0	9326910	871240247	16384
for-list-256-300	0	9284411	1529365737	16384
fold-256-300	0	8517671	1752515641	16384
fold-val-256-300	0	8647892	1583116026	16384
fold-read-var-256-300	0	7915621	1542925243	16384
fold-write-var-256-300	0	8276710	1685836876	16384
fold-ref-256-300	0	8050459	1808499713	16384
fold-prebuilt-256-300	0	8837166	1681916648	16384
fold-prebuilt-256-300	1	9115540	1611315955	16384
fold-ref-256-300	1	7902885	1672628459	16384
fold-write-var-256-300	1	8651159	1694473326	16384
fold-read-var-256-300	1	7772672	1576686743	16384
fold-val-256-300	1	7912943	1551727078	16384
fold-256-300	1	7687734	1596014060	16384
for-list-256-300	1	8230042	1397078335	16384
while-indexed-256-300	1	8450884	797904790	16384
while-indexed-256-300	2	8540476	912136671	16384
for-list-256-300	2	9580707	1648725923	16384
fold-256-300	2	9097501	1701786108	16384
fold-val-256-300	2	7983849	1555034672	16384
fold-read-var-256-300	2	7936635	1583974761	16384
fold-write-var-256-300	2	8572379	1725683764	16384
fold-ref-256-300	2	8019254	1686725382	16384
fold-prebuilt-256-300	2	7737201	1598129239	16384
